laCode,region,locAuthority,indPet,domPet,railPet,pubadPet,commPet,agricPet,indCoal,domCoal,railCoal,pubadCoal,commCoal,agricCoal,indManSolfuels,domManSolfuels,indBionWste,domBionWste,measure,unit,allFuels
W06000019,Wales,Blaenau Gwent,4.4,0.4,0.1,0.0,0.0,0.1,0.9,1.0,0.0,0.0,0.0,0,0.2,0.5,4.1,1.7,"Sub-national estimates of non-gas, non-electricity and non-road transport fuel consumption",thousand tonnes of oil equivalent,13.4
W06000013,Wales,Bridgend,10.1,1.7,1.7,0.0,0.1,2.1,4.6,1.9,0.0,0.1,0.0,0,18.4,1.0,10.0,3.4,"Sub-national estimates of non-gas, non-electricity and non-road transport fuel consumption",thousand tonnes of oil equivalent,55.2
W06000018,Wales,Caerphilly,14.1,1.6,0.9,0.0,0.1,1.9,3.1,2.6,0.0,0.1,0.0,0,0.2,1.4,8.1,4.6,"Sub-national estimates of non-gas, non-electricity and non-road transport fuel consumption",thousand tonnes of oil equivalent,38.7
W06000015,Wales,Cardiff,15.2,1.1,3.2,0.1,0.2,0.9,0.4,4.2,0.0,0.5,0.1,0,12.7,2.1,3.3,6.6,"Sub-national estimates of non-gas, non-electricity and non-road transport fuel consumption",thousand tonnes of oil equivalent,50.8
W06000010,Wales,Carmarthenshire,13.1,40.0,1.7,0.0,0.1,36.0,0.5,2.6,0.0,0.1,0.1,0,3.5,1.4,1.6,5.4,"Sub-national estimates of non-gas, non-electricity and non-road transport fuel consumption",thousand tonnes of oil equivalent,106.2
W06000008,Wales,Ceredigion,6.9,25.1,0.1,0.0,0.1,23.1,0.2,1.2,0.3,0.1,0.0,0,0.0,0.7,21.5,2.9,"Sub-national estimates of non-gas, non-electricity and non-road transport fuel consumption",thousand tonnes of oil equivalent,82.2
W06000003,Wales,Conwy,5.2,7.7,1.3,0.0,0.1,5.8,0.7,1.7,0.0,0.0,0.0,0,0.0,0.9,2.5,3.1,"Sub-national estimates of non-gas, non-electricity and non-road transport fuel consumption",thousand tonnes of oil equivalent,29.1
W06000004,Wales,Denbighshire,11.3,10.6,0.4,0.0,0.1,6.7,0.6,1.4,0.2,0.1,0.0,0,0.0,0.8,2.4,2.9,"Sub-national estimates of non-gas, non-electricity and non-road transport fuel consumption",thousand tonnes of oil equivalent,37.3
W06000005,Wales,Flintshire,34.1,14.9,1.5,0.0,0.1,4.8,43.5,2.0,0.0,0.0,0.0,0,11.3,1.0,112.7,3.6,"Sub-national estimates of non-gas, non-electricity and non-road transport fuel consumption",thousand tonnes of oil equivalent,229.6
W06000002,Wales,Gwynedd,14.7,23.3,0.5,0.0,0.2,14.4,0.5,1.9,1.1,0.2,0.1,0,0.0,1.1,1.8,4.9,"Sub-national estimates of non-gas, non-electricity and non-road transport fuel consumption",thousand tonnes of oil equivalent,64.6
W06000001,Wales,Isle of Anglesey,5.0,16.7,0.8,0.0,0.1,11.4,1.6,1.0,0.0,0.0,0.0,0,0.0,0.6,6.3,2.5,"Sub-national estimates of non-gas, non-electricity and non-road transport fuel consumption",thousand tonnes of oil equivalent,46.1
W06000024,Wales,Merthyr Tydfil,6.8,0.8,0.2,0.0,0.0,0.3,0.2,0.8,0.0,0.0,0.0,0,0.0,0.4,1.3,1.3,"Sub-national estimates of non-gas, non-electricity and non-road transport fuel consumption",thousand tonnes of oil equivalent,12.1
W06000021,Wales,Monmouthshire,10.7,11.5,2.3,0.0,0.1,10.2,0.1,1.1,0.0,0.1,0.0,0,0.0,0.6,0.7,2.1,"Sub-national estimates of non-gas, non-electricity and non-road transport fuel consumption",thousand tonnes of oil equivalent,39.6
W06000012,Wales,Neath Port Talbot,12.5,4.2,1.5,0.0,0.1,2.4,34.9,2.1,0.0,0.0,0.0,0,393.8,1.1,1.1,3.7,"Sub-national estimates of non-gas, non-electricity and non-road transport fuel consumption",thousand tonnes of oil equivalent,457.4
W06000022,Wales,Newport,13.7,2.5,2.8,0.0,0.1,2.1,0.1,1.8,0.0,0.0,0.0,0,3.7,0.9,1.6,3.0,"Sub-national estimates of non-gas, non-electricity and non-road transport fuel consumption",thousand tonnes of oil equivalent,32.3
W06000009,Wales,Pembrokeshire,479.0,27.3,0.9,0.0,0.2,23.4,0.4,1.6,0.0,0.1,0.0,0,141.9,1.0,1.1,3.9,"Sub-national estimates of non-gas, non-electricity and non-road transport fuel consumption",thousand tonnes of oil equivalent,680.8
W06000023,Wales,Powys,15.3,37.8,0.7,0.0,0.1,36.9,1.3,1.4,0.2,0.1,0.0,0,0.1,0.8,3.8,3.5,"Sub-national estimates of non-gas, non-electricity and non-road transport fuel consumption",thousand tonnes of oil equivalent,102.0
W06000016,Wales,Rhondda Cynon Taf,15.8,1.6,1.9,0.0,0.1,2.3,2.0,3.4,0.0,0.1,0.0,0,0.1,1.8,5.4,5.9,"Sub-national estimates of non-gas, non-electricity and non-road transport fuel consumption",thousand tonnes of oil equivalent,40.3
W06000011,Wales,Swansea,13.7,5.8,0.8,0.0,0.1,3.5,0.4,3.2,0.0,0.0,0.0,0,0.0,1.6,2.2,5.3,"Sub-national estimates of non-gas, non-electricity and non-road transport fuel consumption",thousand tonnes of oil equivalent,36.6
W06000020,Wales,Torfaen,5.4,0.7,0.4,0.0,0.0,0.6,1.0,1.3,0.0,0.1,0.0,0,0.0,0.7,6.8,2.2,"Sub-national estimates of non-gas, non-electricity and non-road transport fuel consumption",thousand tonnes of oil equivalent,19.4
W06000014,Wales,Vale of Glamorgan,8.0,4.8,1.6,0.0,0.1,4.5,27.8,1.8,0.0,0.0,0.0,0,0.0,0.9,11.6,3.1,"Sub-national estimates of non-gas, non-electricity and non-road transport fuel consumption",thousand tonnes of oil equivalent,64.2
W06000006,Wales,Wrexham,13.6,8.6,0.4,0.0,0.1,5.3,0.1,1.3,0.0,0.0,0.0,0,0.2,0.7,66.0,2.4,"Sub-national estimates of non-gas, non-electricity and non-road transport fuel consumption",thousand tonnes of oil equivalent,98.6
W92000004,Wales,Wales total,728.6,248.7,25.8,0.1,2.0,198.8,124.9,41.2,1.8,1.7,0.6,0,586.3,22.0,276.0,77.9,"Sub-national estimates of non-gas, non-electricity and non-road transport fuel consumption",thousand tonnes of oil equivalent,2336.3
S12000033,Scotland,Aberdeen City,24.8,1.8,0.7,1.6,0.1,1.2,1.2,0.1,0.0,0.2,0.0,0,0.5,0.2,5.9,1.9,"Sub-national estimates of non-gas, non-electricity and non-road transport fuel consumption",thousand tonnes of oil equivalent,40.4
S12000034,Scotland,Aberdeenshire,28.1,49.0,2.9,0.0,0.2,36.4,1.9,1.1,0.0,0.1,0.1,0,2.0,0.9,3.5,5.8,"Sub-national estimates of non-gas, non-electricity and non-road transport fuel consumption",thousand tonnes of oil equivalent,132.1
S12000041,Scotland,Angus,10.1,10.6,2.6,0.0,0.1,8.5,0.5,0.3,0.0,0.0,0.0,0,0.0,0.3,2.2,2.0,"Sub-national estimates of non-gas, non-electricity and non-road transport fuel consumption",thousand tonnes of oil equivalent,37.1
S12000035,Scotland,Argyll and Bute,11.5,11.1,0.4,4.2,0.1,12.0,1.7,0.4,0.0,0.1,0.0,0,0.0,0.3,4.7,2.2,"Sub-national estimates of non-gas, non-electricity and non-road transport fuel consumption",thousand tonnes of oil equivalent,48.9
S12000036,Scotland,City of Edinburgh,17.0,1.7,3.7,0.2,0.3,1.1,1.0,0.3,0.0,0.0,0.0,0,0.0,0.2,6.3,1.3,"Sub-national estimates of non-gas, non-electricity and non-road transport fuel consumption",thousand tonnes of oil equivalent,32.9
S12000005,Scotland,Clackmannanshire,2.1,0.8,0.0,0.0,0.0,1.0,0.0,0.1,0.0,0.0,0.0,0,0.1,0.1,0.3,0.7,"Sub-national estimates of non-gas, non-electricity and non-road transport fuel consumption",thousand tonnes of oil equivalent,5.2
S12000006,Scotland,Dumfries and Galloway,12.8,22.5,1.8,0.0,0.1,51.0,1.9,0.7,0.0,0.1,0.0,0,0.2,0.6,7.4,3.7,"Sub-national estimates of non-gas, non-electricity and non-road transport fuel consumption",thousand tonnes of oil equivalent,102.7
S12000042,Scotland,Dundee City,5.6,0.5,0.8,0.0,0.1,0.1,0.0,0.0,0.0,0.0,0.0,0,0.0,0.0,8.6,0.4,"Sub-national estimates of non-gas, non-electricity and non-road transport fuel consumption",thousand tonnes of oil equivalent,16.1
S12000008,Scotland,East Ayrshire,7.6,3.3,0.3,0.0,0.1,9.8,3.0,0.3,0.0,0.1,0.0,0,0.0,0.3,22.4,2.2,"Sub-national estimates of non-gas, non-electricity and non-road transport fuel consumption",thousand tonnes of oil equivalent,49.5
S12000045,Scotland,East Dunbartonshire,3.8,0.8,0.5,0.0,0.0,0.9,0.2,0.1,0.0,0.0,0.0,0,0.0,0.1,0.9,0.8,"Sub-national estimates of non-gas, non-electricity and non-road transport fuel consumption",thousand tonnes of oil equivalent,8.0
S12000010,Scotland,East Lothian,5.3,4.4,2.3,0.0,0.2,3.9,34.1,0.2,0.0,0.0,0.0,0,0.1,0.2,14.6,1.7,"Sub-national estimates of non-gas, non-electricity and non-road transport fuel consumption",thousand tonnes of oil equivalent,67.0
S12000011,Scotland,East Renfrewshire,1.2,0.8,0.2,0.0,0.0,1.6,0.0,0.1,0.0,0.0,0.0,0,0.0,0.1,0.1,0.9,"Sub-national estimates of non-gas, non-electricity and non-road transport fuel consumption",thousand tonnes of oil equivalent,4.9
S12000014,Scotland,Falkirk,938.4,2.0,1.1,0.1,0.1,2.4,0.0,0.2,0.0,0.0,0.0,0,0.2,0.2,0.8,1.1,"Sub-national estimates of non-gas, non-electricity and non-road transport fuel consumption",thousand tonnes of oil equivalent,946.6
S12000047,Scotland,Fife,304.9,8.4,5.9,0.0,0.2,9.0,0.3,0.6,0.0,0.1,0.0,0,0.6,0.6,4.5,4.7,"Sub-national estimates of non-gas, non-electricity and non-road transport fuel consumption",thousand tonnes of oil equivalent,339.8
S12000049,Scotland,Glasgow City,26.7,1.2,0.9,0.1,0.4,0.4,0.0,0.1,0.0,0.0,0.0,0,0.1,0.1,5.9,0.9,"Sub-national estimates of non-gas, non-electricity and non-road transport fuel consumption",thousand tonnes of oil equivalent,36.8
S12000017,Scotland,Highland,28.2,51.6,3.8,2.9,0.3,31.0,3.5,1.2,0.2,0.4,0.1,0,0.0,1.0,59.1,6.3,"Sub-national estimates of non-gas, non-electricity and non-road transport fuel consumption",thousand tonnes of oil equivalent,189.7
S12000018,Scotland,Inverclyde,1.6,0.4,0.0,0.0,0.0,0.8,0.0,0.0,0.0,0.0,0.0,0,0.0,0.1,0.2,0.6,"Sub-national estimates of non-gas, non-electricity and non-road transport fuel consumption",thousand tonnes of oil equivalent,3.8
S12000019,Scotland,Midlothian,3.7,2.6,0.6,0.0,0.1,2.3,0.5,0.1,0.0,0.1,0.0,0,0.0,0.2,4.0,1.2,"Sub-national estimates of non-gas, non-electricity and non-road transport fuel consumption",thousand tonnes of oil equivalent,15.5
S12000020,Scotland,Moray,13.3,11.7,0.6,0.3,0.1,9.5,1.3,0.4,0.1,0.0,0.0,0,0.1,0.3,14.4,2.1,"Sub-national estimates of non-gas, non-electricity and non-road transport fuel consumption",thousand tonnes of oil equivalent,54.2
S12000013,Scotland,Na h-Eileanan Siar,3.1,11.2,0.0,0.0,0.0,3.6,0.6,0.2,0.0,0.1,0.0,0,0.0,0.2,2.1,1.0,"Sub-national estimates of non-gas, non-electricity and non-road transport fuel consumption",thousand tonnes of oil equivalent,22.0
S12000021,Scotland,North Ayrshire,9.4,3.3,0.2,0.0,0.1,4.7,0.1,0.1,0.0,0.0,0.0,0,0.1,0.2,124.9,1.3,"Sub-national estimates of non-gas, non-electricity and non-road transport fuel consumption",thousand tonnes of oil equivalent,144.4
S12000050,Scotland,North Lanarkshire,27.4,2.8,1.5,0.0,0.1,2.7,0.1,0.2,0.0,0.0,0.0,0,1.0,0.4,0.9,3.5,"Sub-national estimates of non-gas, non-electricity and non-road transport fuel consumption",thousand tonnes of oil equivalent,40.7
S12000023,Scotland,Orkney Islands,2.1,6.6,0.0,0.0,0.0,12.5,0.2,0.2,0.0,0.1,0.0,0,0.0,0.1,0.5,0.8,"Sub-national estimates of non-gas, non-electricity and non-road transport fuel consumption",thousand tonnes of oil equivalent,23.2
S12000048,Scotland,Perth and Kinross,9.0,17.4,5.0,0.0,0.1,16.5,0.9,0.5,0.0,0.1,0.0,0,0.0,0.4,1.0,2.8,"Sub-national estimates of non-gas, non-electricity and non-road transport fuel consumption",thousand tonnes of oil equivalent,53.8
S12000038,Scotland,Renfrewshire,8.8,1.0,0.1,0.0,0.1,1.9,0.0,0.1,0.0,0.0,0.0,0,0.0,0.1,0.6,0.7,"Sub-national estimates of non-gas, non-electricity and non-road transport fuel consumption",thousand tonnes of oil equivalent,13.4
S12000026,Scotland,Scottish Borders,9.7,16.6,2.2,0.0,0.1,28.7,3.5,0.4,0.0,0.0,0.0,0,0.0,0.4,13.7,2.4,"Sub-national estimates of non-gas, non-electricity and non-road transport fuel consumption",thousand tonnes of oil equivalent,77.7
S12000027,Scotland,Shetland Islands,4.6,5.4,0.0,0.0,0.1,6.7,0.3,0.2,0.0,0.1,0.0,0,0.0,0.1,1.0,0.8,"Sub-national estimates of non-gas, non-electricity and non-road transport fuel consumption",thousand tonnes of oil equivalent,19.3
S12000028,Scotland,South Ayrshire,10.6,5.5,0.3,0.0,0.1,10.6,0.0,0.2,0.0,0.0,0.0,0,0.1,0.2,0.0,1.7,"Sub-national estimates of non-gas, non-electricity and non-road transport fuel consumption",thousand tonnes of oil equivalent,29.4
S12000029,Scotland,South Lanarkshire,23.4,10.3,2.1,0.0,0.1,12.7,0.7,0.3,0.0,0.0,0.0,0,0.5,0.4,4.3,2.8,"Sub-national estimates of non-gas, non-electricity and non-road transport fuel consumption",thousand tonnes of oil equivalent,57.7
S12000030,Scotland,Stirling,5.5,5.5,1.3,0.0,0.1,6.5,0.2,0.3,0.0,0.0,0.0,0,0.1,0.2,55.5,1.5,"Sub-national estimates of non-gas, non-electricity and non-road transport fuel consumption",thousand tonnes of oil equivalent,76.8
S12000039,Scotland,West Dunbartonshire,3.4,0.7,0.1,0.1,0.0,0.8,0.0,0.0,0.0,0.0,0.0,0,0.0,0.0,0.6,0.2,"Sub-national estimates of non-gas, non-electricity and non-road transport fuel consumption",thousand tonnes of oil equivalent,5.9
S12000040,Scotland,West Lothian,11.7,2.4,1.0,0.0,0.1,3.0,0.1,0.1,0.0,0.0,0.0,0,0.2,0.2,1.0,1.7,"Sub-national estimates of non-gas, non-electricity and non-road transport fuel consumption",thousand tonnes of oil equivalent,21.5
S92000003,Scotland,Scotland total,1575.2,274.0,42.8,9.6,3.5,293.7,57.9,9.0,0.3,1.7,0.7,0,6.0,8.7,371.8,61.8,"Sub-national estimates of non-gas, non-electricity and non-road transport fuel consumption",thousand tonnes of oil equivalent,2716.9
E06000047,North East,County Durham,42.9,9.7,3.7,0.0,0.3,12.9,3.5,17.6,0.1,0.1,0.0,0,1.0,7.5,14.9,11.0,"Sub-national estimates of non-gas, non-electricity and non-road transport fuel consumption",thousand tonnes of oil equivalent,125.1
E06000005,North East,Darlington,7.0,1.1,1.3,0.0,0.1,1.4,0.0,1.4,0.0,0.0,0.0,0,0.1,0.7,2.1,2.3,"Sub-national estimates of non-gas, non-electricity and non-road transport fuel consumption",thousand tonnes of oil equivalent,17.5
E08000037,North East,Gateshead,10.8,0.7,1.3,0.0,0.1,0.4,0.0,1.8,0.0,0.0,0.0,0,1.6,1.0,3.1,4.0,"Sub-national estimates of non-gas, non-electricity and non-road transport fuel consumption",thousand tonnes of oil equivalent,24.8
E06000001,North East,Hartlepool,5.3,0.4,0.4,0.0,0.0,0.5,0.0,1.1,0.0,0.0,0.0,0,23.3,0.6,0.1,2.1,"Sub-national estimates of non-gas, non-electricity and non-road transport fuel consumption",thousand tonnes of oil equivalent,33.8
E06000002,North East,Middlesbrough,4.5,0.3,0.4,0.0,0.0,0.2,0.0,1.3,0.0,0.0,0.0,0,0.1,0.8,0.4,3.1,"Sub-national estimates of non-gas, non-electricity and non-road transport fuel consumption",thousand tonnes of oil equivalent,11.1
E08000021,North East,Newcastle upon Tyne,7.8,0.6,0.4,0.1,0.2,0.4,0.0,2.0,0.0,0.0,0.0,0,0.1,1.2,0.6,4.8,"Sub-national estimates of non-gas, non-electricity and non-road transport fuel consumption",thousand tonnes of oil equivalent,18.1
E08000022,North East,North Tyneside,6.2,0.4,0.5,0.0,0.1,0.2,0.0,1.8,0.0,0.0,0.0,0,0.4,1.0,0.8,3.7,"Sub-national estimates of non-gas, non-electricity and non-road transport fuel consumption",thousand tonnes of oil equivalent,15.2
E06000057,North East,Northumberland,17.7,19.5,5.2,0.0,0.2,36.8,1.6,9.1,0.0,0.1,0.1,0,0.2,4.0,40.5,7.9,"Sub-national estimates of non-gas, non-electricity and non-road transport fuel consumption",thousand tonnes of oil equivalent,142.9
E06000003,North East,Redcar and Cleveland,16.0,1.4,0.6,0.0,0.1,1.3,0.1,2.9,0.0,0.0,0.0,0,2.5,1.4,0.7,4.2,"Sub-national estimates of non-gas, non-electricity and non-road transport fuel consumption",thousand tonnes of oil equivalent,31.3
E08000023,North East,South Tyneside,5.8,0.4,0.3,0.0,0.1,0.1,0.0,1.5,0.0,0.0,0.0,0,0.4,0.8,0.3,2.8,"Sub-national estimates of non-gas, non-electricity and non-road transport fuel consumption",thousand tonnes of oil equivalent,12.4
E06000004,North East,Stockton-on-Tees,23.2,1.3,1.2,0.0,0.1,1.0,0.5,2.1,0.0,0.0,0.0,0,1.6,1.1,2.6,3.6,"Sub-national estimates of non-gas, non-electricity and non-road transport fuel consumption",thousand tonnes of oil equivalent,38.2
E08000024,North East,Sunderland,18.0,0.8,0.3,0.0,0.1,0.3,0.0,2.7,0.0,0.0,0.0,0,0.7,1.5,5.0,5.2,"Sub-national estimates of non-gas, non-electricity and non-road transport fuel consumption",thousand tonnes of oil equivalent,34.6
E12000001,North East,North East total,165.3,36.5,15.7,0.2,1.3,55.4,5.8,45.4,0.1,0.2,0.1,0,31.8,21.5,71.1,54.5,"Sub-national estimates of non-gas, non-electricity and non-road transport fuel consumption",thousand tonnes of oil equivalent,504.9
E07000026,North West,Allerdale,9.3,8.7,0.3,0.0,0.1,14.5,0.2,1.3,0.0,0.0,0.0,0,0.9,0.7,122.9,2.8,"Sub-national estimates of non-gas, non-electricity and non-road transport fuel consumption",thousand tonnes of oil equivalent,161.8
E07000027,North West,Barrow-in-Furness,65.7,0.5,0.2,0.0,0.0,0.5,1.3,1.1,0.0,0.0,0.0,0,0.0,0.7,1.2,3.3,"Sub-national estimates of non-gas, non-electricity and non-road transport fuel consumption",thousand tonnes of oil equivalent,74.5
E06000008,North West,Blackburn with Darwen,10.2,1.0,0.4,0.0,0.1,0.7,0.0,0.4,0.0,0.0,0.0,0,0.2,0.3,0.9,1.8,"Sub-national estimates of non-gas, non-electricity and non-road transport fuel consumption",thousand tonnes of oil equivalent,16.0
E06000009,North West,Blackpool,3.4,0.3,0.1,0.0,0.1,0.1,0.1,1.5,0.0,0.0,0.0,0,0.1,1.1,3.5,6.0,"Sub-national estimates of non-gas, non-electricity and non-road transport fuel consumption",thousand tonnes of oil equivalent,16.2
E08000001,North West,Bolton,17.1,1.0,0.7,0.0,0.1,0.6,1.4,0.4,0.0,0.0,0.0,0,0.1,0.4,10.3,2.5,"Sub-national estimates of non-gas, non-electricity and non-road transport fuel consumption",thousand tonnes of oil equivalent,34.6
E07000117,North West,Burnley,5.1,0.6,0.3,0.0,0.0,0.6,0.0,0.4,0.0,0.0,0.0,0,0.0,0.3,0.2,1.5,"Sub-national estimates of non-gas, non-electricity and non-road transport fuel consumption",thousand tonnes of oil equivalent,9.0
E08000002,North West,Bury,8.3,0.8,0.0,0.0,0.1,0.5,0.0,0.3,0.1,0.0,0.0,0,0.1,0.2,0.5,1.5,"Sub-national estimates of non-gas, non-electricity and non-road transport fuel consumption",thousand tonnes of oil equivalent,12.3
E07000028,North West,Carlisle,9.8,7.2,1.1,0.0,0.1,12.2,0.4,1.2,0.0,0.0,0.0,0,0.1,0.8,1.6,3.9,"Sub-national estimates of non-gas, non-electricity and non-road transport fuel consumption",thousand tonnes of oil equivalent,38.3
E06000049,North West,Cheshire East,35.1,19.6,6.0,0.0,0.3,13.9,5.1,3.9,0.0,0.0,0.1,0,0.2,2.6,8.7,13.8,"Sub-national estimates of non-gas, non-electricity and non-road transport fuel consumption",thousand tonnes of oil equivalent,109.2
E06000050,North West,Cheshire West and Chester,512.9,13.8,3.6,0.0,0.3,10.8,4.1,3.0,0.0,0.2,0.1,0,222.7,2.0,17.3,10.2,"Sub-national estimates of non-gas, non-electricity and non-road transport fuel consumption",thousand tonnes of oil equivalent,801.0
E07000118,North West,Chorley,6.3,1.7,0.6,0.2,0.1,1.7,0.1,1.2,0.0,0.0,0.0,0,0.2,0.8,0.9,3.9,"Sub-national estimates of non-gas, non-electricity and non-road transport fuel consumption",thousand tonnes of oil equivalent,17.6
E07000029,North West,Copeland,2.4,3.2,0.3,0.0,0.0,4.6,1.0,0.9,0.2,0.0,0.0,0,0.0,0.5,0.0,2.2,"Sub-national estimates of non-gas, non-electricity and non-road transport fuel consumption",thousand tonnes of oil equivalent,15.4
E07000030,North West,Eden,7.5,15.0,1.8,0.0,0.1,20.2,0.1,0.8,0.0,0.1,0.0,0,0.2,0.4,1.2,1.8,"Sub-national estimates of non-gas, non-electricity and non-road transport fuel consumption",thousand tonnes of oil equivalent,49.2
E07000119,North West,Fylde,10.5,1.3,0.4,0.0,0.0,1.7,5.4,0.8,0.0,0.0,0.0,0,0.0,0.5,22.0,2.6,"Sub-national estimates of non-gas, non-electricity and non-road transport fuel consumption",thousand tonnes of oil equivalent,45.2
E06000006,North West,Halton,15.8,0.5,1.1,0.0,0.2,0.3,0.1,0.3,0.0,0.1,0.0,0,0.2,0.2,17.8,1.4,"Sub-national estimates of non-gas, non-electricity and non-road transport fuel consumption",thousand tonnes of oil equivalent,38.1
E07000120,North West,Hyndburn,7.3,0.3,0.3,0.0,0.0,0.6,0.0,0.4,0.0,0.0,0.0,0,0.1,0.3,2.6,1.5,"Sub-national estimates of non-gas, non-electricity and non-road transport fuel consumption",thousand tonnes of oil equivalent,13.3
E08000011,North West,Knowsley,8.9,0.6,0.5,0.0,0.1,0.4,1.1,0.7,0.0,0.0,0.0,0,0.3,0.5,4.9,3.1,"Sub-national estimates of non-gas, non-electricity and non-road transport fuel consumption",thousand tonnes of oil equivalent,21.2
E07000121,North West,Lancaster,5.7,4.0,1.4,0.0,0.1,6.6,0.0,1.3,0.0,0.0,0.0,0,0.0,0.8,0.5,4.2,"Sub-national estimates of non-gas, non-electricity and non-road transport fuel consumption",thousand tonnes of oil equivalent,24.8
E08000012,North West,Liverpool,11.7,0.8,0.9,0.0,0.3,0.3,0.0,0.6,0.0,0.0,0.0,0,0.3,0.6,2.9,4.2,"Sub-national estimates of non-gas, non-electricity and non-road transport fuel consumption",thousand tonnes of oil equivalent,22.6
E08000003,North West,Manchester,16.8,1.1,2.9,0.4,0.6,0.1,0.0,0.4,0.0,0.0,0.0,0,0.2,0.4,3.0,3.0,"Sub-national estimates of non-gas, non-electricity and non-road transport fuel consumption",thousand tonnes of oil equivalent,29.0
E08000004,North West,Oldham,12.1,1.0,0.5,0.0,0.1,0.3,0.5,0.3,0.0,0.0,0.0,0,0.1,0.3,6.9,1.8,"Sub-national estimates of non-gas, non-electricity and non-road transport fuel consumption",thousand tonnes of oil equivalent,24.0
E07000122,North West,Pendle,8.2,1.5,0.0,0.0,0.1,1.8,0.0,0.5,0.0,0.0,0.0,0,0.2,0.4,0.4,1.9,"Sub-national estimates of non-gas, non-electricity and non-road transport fuel consumption",thousand tonnes of oil equivalent,15.0
E07000123,North West,Preston,14.5,2.1,0.6,0.0,0.1,1.9,0.0,0.4,0.0,0.0,0.0,0,0.4,0.3,7.5,1.7,"Sub-national estimates of non-gas, non-electricity and non-road transport fuel consumption",thousand tonnes of oil equivalent,29.6
E07000124,North West,Ribble Valley,8.7,4.6,0.3,0.0,0.1,6.8,22.8,0.6,0.0,0.0,0.0,0,0.1,0.4,40.7,1.6,"Sub-national estimates of non-gas, non-electricity and non-road transport fuel consumption",thousand tonnes of oil equivalent,86.6
E08000005,North West,Rochdale,12.8,1.0,0.8,0.0,0.1,0.6,0.0,0.5,0.0,0.0,0.0,0,0.2,0.4,1.2,2.3,"Sub-national estimates of non-gas, non-electricity and non-road transport fuel consumption",thousand tonnes of oil equivalent,19.9
E07000125,North West,Rossendale,5.3,0.6,0.0,0.0,0.0,0.6,0.0,0.2,0.1,0.0,0.0,0,0.0,0.2,0.4,0.9,"Sub-national estimates of non-gas, non-electricity and non-road transport fuel consumption",thousand tonnes of oil equivalent,8.2
E08000006,North West,Salford,10.2,0.7,1.7,0.0,0.2,0.1,0.0,0.2,0.0,0.0,0.0,0,0.4,0.2,1.2,1.3,"Sub-national estimates of non-gas, non-electricity and non-road transport fuel consumption",thousand tonnes of oil equivalent,16.3
E08000014,North West,Sefton,6.1,1.3,0.1,0.0,0.1,0.4,0.0,2.1,0.0,0.0,0.0,0,0.4,1.5,0.5,8.6,"Sub-national estimates of non-gas, non-electricity and non-road transport fuel consumption",thousand tonnes of oil equivalent,21.1
E07000031,North West,South Lakeland,12.6,10.4,1.6,0.0,0.1,13.6,0.5,1.4,0.0,0.1,0.0,0,0.0,0.8,1.6,3.5,"Sub-national estimates of non-gas, non-electricity and non-road transport fuel consumption",thousand tonnes of oil equivalent,46.3
E07000126,North West,South Ribble,10.4,1.1,0.6,0.0,0.0,1.0,0.0,0.1,0.0,0.0,0.0,0,0.2,0.1,0.6,0.8,"Sub-national estimates of non-gas, non-electricity and non-road transport fuel consumption",thousand tonnes of oil equivalent,15.2
E08000013,North West,St. Helens,12.3,0.7,0.7,0.0,0.1,0.5,0.0,0.5,0.0,0.0,0.0,0,0.5,0.4,0.5,2.3,"Sub-national estimates of non-gas, non-electricity and non-road transport fuel consumption",thousand tonnes of oil equivalent,18.4
E08000007,North West,Stockport,13.6,1.3,2.2,0.0,0.1,0.6,0.2,0.4,0.0,0.0,0.0,0,0.4,0.3,2.7,2.3,"Sub-national estimates of non-gas, non-electricity and non-road transport fuel consumption",thousand tonnes of oil equivalent,24.1
E08000008,North West,Tameside,11.6,0.6,1.1,0.0,0.1,0.3,0.1,0.2,0.0,0.0,0.0,0,0.2,0.2,1.6,1.5,"Sub-national estimates of non-gas, non-electricity and non-road transport fuel consumption",thousand tonnes of oil equivalent,17.6
E08000009,North West,Trafford,17.5,0.8,0.6,0.0,0.2,0.2,0.0,0.2,0.0,0.0,0.0,0,0.3,0.2,15.9,1.4,"Sub-national estimates of non-gas, non-electricity and non-road transport fuel consumption",thousand tonnes of oil equivalent,37.3
E06000007,North West,Warrington,12.5,1.4,1.6,0.0,0.2,0.7,0.1,0.7,0.0,0.0,0.0,0,0.1,0.5,3.6,3.0,"Sub-national estimates of non-gas, non-electricity and non-road transport fuel consumption",thousand tonnes of oil equivalent,24.5
E07000127,North West,West Lancashire,8.8,4.0,0.4,0.0,0.1,1.6,0.2,0.9,0.0,0.0,0.0,0,0.3,0.6,1.0,2.9,"Sub-national estimates of non-gas, non-electricity and non-road transport fuel consumption",thousand tonnes of oil equivalent,20.9
E08000010,North West,Wigan,21.0,1.3,1.7,0.0,0.1,0.6,0.0,1.5,0.0,0.0,0.0,0,0.2,1.1,0.4,6.1,"Sub-national estimates of non-gas, non-electricity and non-road transport fuel consumption",thousand tonnes of oil equivalent,33.9
E08000015,North West,Wirral,12.4,1.2,0.1,0.0,0.1,1.0,0.0,0.5,0.0,0.0,0.0,0,0.6,0.4,1.7,2.8,"Sub-national estimates of non-gas, non-electricity and non-road transport fuel consumption",thousand tonnes of oil equivalent,20.7
E07000128,North West,Wyre,5.8,3.3,0.7,0.0,0.0,3.3,1.2,1.0,0.0,0.0,0.0,0,0.0,0.7,3.9,3.5,"Sub-national estimates of non-gas, non-electricity and non-road transport fuel consumption",thousand tonnes of oil equivalent,23.5
E12000002,North West,North West total,986.2,120.9,38.2,0.9,4.6,126.4,45.9,32.9,0.4,0.9,0.4,0,230.5,23.1,315.2,125.7,"Sub-national estimates of non-gas, non-electricity and non-road transport fuel consumption",thousand tonnes of oil equivalent,2052.3
E08000016,Yorkshire and the Humber,Barnsley,17.5,1.9,1.1,0.1,0.2,1.8,0.8,0.7,0.0,0.0,0.0,0,0.5,0.4,1.8,1.3,"Sub-national estimates of non-gas, non-electricity and non-road transport fuel consumption",thousand tonnes of oil equivalent,28.1
E08000032,Yorkshire and the Humber,Bradford,33.1,2.1,1.0,0.0,0.2,2.3,0.1,2.0,0.0,0.0,0.0,0,1.0,1.1,8.7,4.2,"Sub-national estimates of non-gas, non-electricity and non-road transport fuel consumption",thousand tonnes of oil equivalent,55.8
E08000033,Yorkshire and the Humber,Calderdale,21.0,1.9,2.1,0.0,0.1,1.4,2.1,1.1,0.0,0.0,0.0,0,0.7,0.6,6.9,2.1,"Sub-national estimates of non-gas, non-electricity and non-road transport fuel consumption",thousand tonnes of oil equivalent,40.1
E07000163,Yorkshire and the Humber,Craven,6.4,5.2,1.1,0.0,0.1,9.5,1.3,1.0,0.0,0.0,0.0,0,0.0,0.5,0.7,1.3,"Sub-national estimates of non-gas, non-electricity and non-road transport fuel consumption",thousand tonnes of oil equivalent,27.1
E08000017,Yorkshire and the Humber,Doncaster,19.5,3.0,7.8,0.0,0.1,2.5,0.0,0.7,0.0,0.0,0.0,0,0.4,0.4,0.6,1.4,"Sub-national estimates of non-gas, non-electricity and non-road transport fuel consumption",thousand tonnes of oil equivalent,36.5
E06000011,Yorkshire and the Humber,East Riding of Yorkshire,74.0,20.8,3.5,0.0,0.2,14.0,13.3,6.4,0.0,0.1,0.1,0,0.4,3.1,41.6,8.4,"Sub-national estimates of non-gas, non-electricity and non-road transport fuel consumption",thousand tonnes of oil equivalent,186.0
E07000164,Yorkshire and the Humber,Hambleton,9.2,16.4,7.2,0.0,0.1,9.6,0.8,2.3,0.2,0.2,0.0,0,0.0,1.1,4.1,2.9,"Sub-national estimates of non-gas, non-electricity and non-road transport fuel consumption",thousand tonnes of oil equivalent,54.1
E07000165,Yorkshire and the Humber,Harrogate,13.8,12.3,1.1,0.0,0.2,10.3,1.3,2.1,0.0,0.0,0.0,0,0.0,1.0,5.5,2.9,"Sub-national estimates of non-gas, non-electricity and non-road transport fuel consumption",thousand tonnes of oil equivalent,50.7
E06000010,Yorkshire and the Humber,"Kingston upon Hull, City of",18.5,0.6,0.6,0.1,0.1,0.2,8.5,0.6,0.0,0.0,0.0,0,0.3,0.4,32.7,1.6,"Sub-national estimates of non-gas, non-electricity and non-road transport fuel consumption",thousand tonnes of oil equivalent,64.3
E08000034,Yorkshire and the Humber,Kirklees,31.8,2.1,2.3,0.0,0.2,2.3,1.4,1.4,0.0,0.0,0.0,0,0.8,0.8,6.4,3.2,"Sub-national estimates of non-gas, non-electricity and non-road transport fuel consumption",thousand tonnes of oil equivalent,52.7
E08000035,Yorkshire and the Humber,Leeds,37.8,2.6,5.4,0.0,0.4,2.5,0.6,2.8,0.0,0.0,0.0,0,1.7,1.6,15.7,5.9,"Sub-national estimates of non-gas, non-electricity and non-road transport fuel consumption",thousand tonnes of oil equivalent,77.2
E06000012,Yorkshire and the Humber,North East Lincolnshire,8.8,1.3,0.3,0.0,0.1,0.9,3.8,2.3,0.0,0.0,0.0,0,20.0,1.2,2.5,3.3,"Sub-national estimates of non-gas, non-electricity and non-road transport fuel consumption",thousand tonnes of oil equivalent,44.6
E06000013,Yorkshire and the Humber,North Lincolnshire,869.5,7.1,3.3,0.0,0.1,3.8,0.9,2.3,0.0,0.0,0.0,0,608.7,1.1,6.3,3.1,"Sub-national estimates of non-gas, non-electricity and non-road transport fuel consumption",thousand tonnes of oil equivalent,1506.2
E07000166,Yorkshire and the Humber,Richmondshire,3.9,9.5,0.3,0.0,0.1,7.9,0.1,0.9,0.5,0.0,0.0,0,0.0,0.5,0.2,1.2,"Sub-national estimates of non-gas, non-electricity and non-road transport fuel consumption",thousand tonnes of oil equivalent,25.2
E08000018,Yorkshire and the Humber,Rotherham,13.9,1.7,3.3,0.0,0.1,1.1,1.4,0.5,0.0,0.0,0.0,0,2.8,0.3,1.3,1.0,"Sub-national estimates of non-gas, non-electricity and non-road transport fuel consumption",thousand tonnes of oil equivalent,27.3
E07000167,Yorkshire and the Humber,Ryedale,8.5,10.9,0.6,0.0,0.1,9.2,1.3,1.2,0.5,0.0,0.0,0,2.3,0.6,5.6,1.6,"Sub-national estimates of non-gas, non-electricity and non-road transport fuel consumption",thousand tonnes of oil equivalent,42.5
E07000168,Yorkshire and the Humber,Scarborough,8.9,5.8,0.3,0.0,0.1,4.8,1.0,1.6,0.4,0.0,0.0,0,0.0,0.8,7.6,2.2,"Sub-national estimates of non-gas, non-electricity and non-road transport fuel consumption",thousand tonnes of oil equivalent,33.5
E07000169,Yorkshire and the Humber,Selby,12.7,9.3,6.2,0.0,0.1,3.0,3.2,1.3,0.0,0.0,0.0,0,0.1,0.6,2.1,1.7,"Sub-national estimates of non-gas, non-electricity and non-road transport fuel consumption",thousand tonnes of oil equivalent,40.5
E08000019,Yorkshire and the Humber,Sheffield,25.3,1.6,3.0,0.0,0.2,1.2,2.0,0.7,0.0,0.0,0.0,0,7.9,0.4,13.9,1.9,"Sub-national estimates of non-gas, non-electricity and non-road transport fuel consumption",thousand tonnes of oil equivalent,58.2
E08000036,Yorkshire and the Humber,Wakefield,19.1,1.6,4.9,0.0,0.2,1.3,0.7,1.0,0.0,0.1,0.0,0,0.5,0.5,11.7,1.8,"Sub-national estimates of non-gas, non-electricity and non-road transport fuel consumption",thousand tonnes of oil equivalent,43.2
E06000014,Yorkshire and the Humber,York,7.0,2.4,2.3,0.0,0.1,1.5,0.2,1.3,0.0,0.0,0.0,0,0.1,0.7,3.9,2.0,"Sub-national estimates of non-gas, non-electricity and non-road transport fuel consumption",thousand tonnes of oil equivalent,21.6
E12000003,Yorkshire and the Humber,Yorkshire and the Humber total,1260.2,120.0,57.5,0.4,3.2,91.0,44.8,34.5,1.7,0.6,0.4,0,648.2,17.6,179.9,55.5,"Sub-national estimates of non-gas, non-electricity and non-road transport fuel consumption",thousand tonnes of oil equivalent,2515.5
E07000032,East Midlands,Amber Valley,12.9,1.4,2.7,0.0,0.0,2.8,0.3,0.8,0.2,0.0,0.0,0,0.2,0.6,2.0,3.6,"Sub-national estimates of non-gas, non-electricity and non-road transport fuel consumption",thousand tonnes of oil equivalent,27.6
E07000170,East Midlands,Ashfield,12.1,0.6,0.2,0.1,0.1,0.5,0.0,0.2,0.0,0.0,0.0,0,0.1,0.1,1.3,0.9,"Sub-national estimates of non-gas, non-electricity and non-road transport fuel consumption",thousand tonnes of oil equivalent,16.2
E07000171,East Midlands,Bassetlaw,12.9,5.8,3.6,0.0,0.1,3.4,0.8,0.8,0.0,0.0,0.0,0,0.1,0.6,3.6,3.2,"Sub-national estimates of non-gas, non-electricity and non-road transport fuel consumption",thousand tonnes of oil equivalent,35.0
E07000129,East Midlands,Blaby,5.0,0.6,0.9,0.0,0.1,0.9,0.6,0.4,0.0,0.0,0.0,0,0.1,0.3,3.6,1.5,"Sub-national estimates of non-gas, non-electricity and non-road transport fuel consumption",thousand tonnes of oil equivalent,13.8
E07000033,East Midlands,Bolsover,5.2,0.6,0.3,0.0,0.0,0.8,29.4,0.9,0.0,0.0,0.0,0,3.7,0.7,35.2,3.9,"Sub-national estimates of non-gas, non-electricity and non-road transport fuel consumption",thousand tonnes of oil equivalent,80.7
E07000136,East Midlands,Boston,4.9,4.2,0.1,0.5,0.1,1.5,1.0,0.6,0.0,0.0,0.0,0,0.0,0.4,4.7,2.2,"Sub-national estimates of non-gas, non-electricity and non-road transport fuel consumption",thousand tonnes of oil equivalent,20.3
E07000172,East Midlands,Broxtowe,7.8,0.4,1.2,0.0,0.0,0.4,0.0,0.1,0.0,0.0,0.0,0,0.2,0.1,1.1,0.7,"Sub-national estimates of non-gas, non-electricity and non-road transport fuel consumption",thousand tonnes of oil equivalent,11.9
E07000130,East Midlands,Charnwood,11.8,1.1,3.9,0.0,0.1,2.0,2.3,1.1,0.1,0.0,0.0,0,0.3,0.8,10.3,4.7,"Sub-national estimates of non-gas, non-electricity and non-road transport fuel consumption",thousand tonnes of oil equivalent,38.5
E07000034,East Midlands,Chesterfield,6.0,0.3,1.5,0.0,0.1,0.3,0.0,0.2,0.0,0.0,0.0,0,1.0,0.2,0.2,1.0,"Sub-national estimates of non-gas, non-electricity and non-road transport fuel consumption",thousand tonnes of oil equivalent,10.8
E06000015,East Midlands,Derby,33.0,0.5,1.7,0.0,0.1,0.3,0.0,0.4,0.0,0.0,0.0,0,0.1,0.3,0.8,2.3,"Sub-national estimates of non-gas, non-electricity and non-road transport fuel consumption",thousand tonnes of oil equivalent,39.5
E07000035,East Midlands,Derbyshire Dales,7.0,4.6,0.4,0.0,0.1,9.2,0.7,0.7,0.0,0.0,0.0,0,0.0,0.5,1.3,2.5,"Sub-national estimates of non-gas, non-electricity and non-road transport fuel consumption",thousand tonnes of oil equivalent,27.2
E07000137,East Midlands,East Lindsey,8.5,18.4,0.1,0.3,0.1,9.2,2.8,1.2,0.0,0.0,0.0,0,0.0,0.8,4.8,4.2,"Sub-national estimates of non-gas, non-electricity and non-road transport fuel consumption",thousand tonnes of oil equivalent,50.8
E07000036,East Midlands,Erewash,7.2,0.5,2.8,0.0,0.1,0.8,0.0,0.4,0.0,0.0,0.0,0,0.0,0.4,0.3,2.2,"Sub-national estimates of non-gas, non-electricity and non-road transport fuel consumption",thousand tonnes of oil equivalent,14.6
E07000173,East Midlands,Gedling,4.7,0.6,0.2,0.0,0.0,0.6,0.1,0.4,0.0,0.0,0.0,0,3.7,0.3,1.6,1.6,"Sub-national estimates of non-gas, non-electricity and non-road transport fuel consumption",thousand tonnes of oil equivalent,13.8
E07000131,East Midlands,Harborough,5.1,4.2,3.1,0.0,0.1,5.6,0.9,0.6,0.0,0.0,0.0,0,0.1,0.4,1.1,2.0,"Sub-national estimates of non-gas, non-electricity and non-road transport fuel consumption",thousand tonnes of oil equivalent,23.3
E07000037,East Midlands,High Peak,11.7,1.3,1.7,0.0,0.0,1.8,107.2,0.4,0.0,0.0,0.0,0,11.8,0.3,94.3,1.7,"Sub-national estimates of non-gas, non-electricity and non-road transport fuel consumption",thousand tonnes of oil equivalent,232.3
E07000132,East Midlands,Hinckley and Bosworth,11.8,2.2,0.4,0.0,0.1,2.2,0.3,0.8,0.0,0.0,0.0,0,1.5,0.5,0.4,3.1,"Sub-national estimates of non-gas, non-electricity and non-road transport fuel consumption",thousand tonnes of oil equivalent,23.3
E06000016,East Midlands,Leicester,28.3,0.5,2.1,0.1,0.1,0.2,0.0,0.4,0.0,0.0,0.0,0,0.3,0.4,9.0,2.4,"Sub-national estimates of non-gas, non-electricity and non-road transport fuel consumption",thousand tonnes of oil equivalent,43.8
E07000138,East Midlands,Lincoln,5.2,0.2,0.4,0.0,0.1,0.1,0.0,0.2,0.0,0.0,0.0,0,0.0,0.1,0.1,0.9,"Sub-national estimates of non-gas, non-electricity and non-road transport fuel consumption",thousand tonnes of oil equivalent,7.2
E07000174,East Midlands,Mansfield,6.0,0.4,0.1,0.0,0.1,0.3,0.0,0.3,0.0,0.0,0.0,0,0.1,0.3,0.1,1.6,"Sub-national estimates of non-gas, non-electricity and non-road transport fuel consumption",thousand tonnes of oil equivalent,9.1
E07000133,East Midlands,Melton,5.0,3.0,1.2,0.0,0.0,4.1,0.2,0.4,0.0,0.0,0.0,0,0.5,0.3,1.0,1.7,"Sub-national estimates of non-gas, non-electricity and non-road transport fuel consumption",thousand tonnes of oil equivalent,17.5
E07000175,East Midlands,Newark and Sherwood,9.1,5.3,2.8,0.0,0.1,3.7,6.1,1.1,0.0,0.0,0.0,0,1.0,0.8,1.6,4.4,"Sub-national estimates of non-gas, non-electricity and non-road transport fuel consumption",thousand tonnes of oil equivalent,35.8
E07000038,East Midlands,North East Derbyshire,7.4,1.3,3.1,0.0,0.0,1.8,0.3,0.3,0.0,0.0,0.0,0,1.3,0.2,1.3,1.2,"Sub-national estimates of non-gas, non-electricity and non-road transport fuel consumption",thousand tonnes of oil equivalent,18.2
E07000139,East Midlands,North Kesteven,8.9,8.6,1.9,0.0,0.1,5.0,0.6,0.9,0.0,0.1,0.0,0,0.4,0.6,7.0,3.3,"Sub-national estimates of non-gas, non-electricity and non-road transport fuel consumption",thousand tonnes of oil equivalent,37.4
E06000061,East Midlands,North Northamptonshire,28.7,6.4,6.1,0.0,0.3,4.9,7.1,2.1,0.0,0.0,0.1,0,0.3,1.5,26.5,8.4,"Sub-national estimates of non-gas, non-electricity and non-road transport fuel consumption",thousand tonnes of oil equivalent,92.4
E07000134,East Midlands,North West Leicestershire,51.5,2.4,0.3,0.0,0.1,2.1,2.9,0.6,0.0,0.0,0.0,0,0.8,0.4,11.7,2.5,"Sub-national estimates of non-gas, non-electricity and non-road transport fuel consumption",thousand tonnes of oil equivalent,75.3
E06000018,East Midlands,Nottingham,13.0,0.5,1.1,0.0,0.2,0.2,0.0,0.3,0.0,0.0,0.0,0,0.0,0.3,1.7,2.2,"Sub-national estimates of non-gas, non-electricity and non-road transport fuel consumption",thousand tonnes of oil equivalent,19.5
E07000135,East Midlands,Oadby and Wigston,4.0,0.1,1.0,0.0,0.0,0.1,0.0,0.3,0.0,0.0,0.0,0,0.0,0.2,0.2,1.3,"Sub-national estimates of non-gas, non-electricity and non-road transport fuel consumption",thousand tonnes of oil equivalent,7.3
E07000176,East Midlands,Rushcliffe,3.7,2.7,2.1,0.0,0.0,2.7,0.3,0.6,0.1,0.0,0.0,0,0.0,0.4,0.6,2.0,"Sub-national estimates of non-gas, non-electricity and non-road transport fuel consumption",thousand tonnes of oil equivalent,15.1
E06000017,East Midlands,Rutland,3.7,2.4,1.8,0.0,0.0,2.1,33.1,0.4,0.0,0.0,0.0,0,0.0,0.3,111.3,1.4,"Sub-national estimates of non-gas, non-electricity and non-road transport fuel consumption",thousand tonnes of oil equivalent,156.5
E07000039,East Midlands,South Derbyshire,7.4,2.3,1.4,0.0,0.0,3.1,1.1,0.6,0.0,0.0,0.0,0,0.0,0.5,10.1,2.5,"Sub-national estimates of non-gas, non-electricity and non-road transport fuel consumption",thousand tonnes of oil equivalent,29.2
E07000140,East Midlands,South Holland,7.2,8.4,0.9,0.0,0.1,2.9,0.3,0.8,0.0,0.0,0.0,0,0.0,0.5,1.9,2.7,"Sub-national estimates of non-gas, non-electricity and non-road transport fuel consumption",thousand tonnes of oil equivalent,25.9
E07000141,East Midlands,South Kesteven,16.9,9.6,5.7,0.0,0.1,4.6,6.2,0.6,0.0,0.1,0.0,0,0.0,0.4,23.5,2.4,"Sub-national estimates of non-gas, non-electricity and non-road transport fuel consumption",thousand tonnes of oil equivalent,70.3
E07000142,East Midlands,West Lindsey,8.6,9.5,1.5,0.0,0.1,6.5,0.2,0.7,0.0,0.0,0.0,0,0.0,0.5,1.0,2.5,"Sub-national estimates of non-gas, non-electricity and non-road transport fuel consumption",thousand tonnes of oil equivalent,31.3
E06000062,East Midlands,West Northamptonshire,33.3,12.5,5.3,0.0,0.3,10.2,2.1,2.1,0.0,0.1,0.1,0,1.1,1.5,8.3,8.3,"Sub-national estimates of non-gas, non-electricity and non-road transport fuel consumption",thousand tonnes of oil equivalent,85.3
E12000004,East Midlands,East Midlands total,415.5,123.6,63.9,1.3,2.8,96.8,207.1,22.3,0.4,0.7,0.6,0,28.7,16.3,383.7,92.9,"Sub-national estimates of non-gas, non-electricity and non-road transport fuel consumption",thousand tonnes of oil equivalent,1456.7
E08000025,West Midlands,Birmingham,56.5,2.1,8.2,0.1,0.4,0.4,0.0,0.3,0.0,0.0,0.0,0,0.3,0.5,3.9,4.6,"Sub-national estimates of non-gas, non-electricity and non-road transport fuel consumption",thousand tonnes of oil equivalent,77.4
E07000234,West Midlands,Bromsgrove,4.9,1.8,1.4,0.0,0.1,1.8,0.1,0.2,0.0,0.0,0.0,0,0.1,0.2,0.5,1.3,"Sub-national estimates of non-gas, non-electricity and non-road transport fuel consumption",thousand tonnes of oil equivalent,12.4
E07000192,West Midlands,Cannock Chase,8.3,0.3,0.1,0.0,0.1,0.3,0.5,0.2,0.0,0.0,0.0,0,0.0,0.2,0.0,1.2,"Sub-national estimates of non-gas, non-electricity and non-road transport fuel consumption",thousand tonnes of oil equivalent,11.3
E08000026,West Midlands,Coventry,21.8,0.7,0.8,0.3,0.2,0.3,0.0,0.1,0.0,0.0,0.0,0,0.0,0.2,0.6,1.4,"Sub-national estimates of non-gas, non-electricity and non-road transport fuel consumption",thousand tonnes of oil equivalent,26.3
E08000027,West Midlands,Dudley,19.3,0.8,1.1,0.1,0.1,0.2,0.0,0.1,0.0,0.0,0.0,0,3.1,0.2,0.4,1.7,"Sub-national estimates of non-gas, non-electricity and non-road transport fuel consumption",thousand tonnes of oil equivalent,27.0
E07000193,West Midlands,East Staffordshire,14.2,4.5,1.9,1.5,0.1,5.6,1.1,0.2,0.0,0.0,0.0,0,0.2,0.2,3.4,1.2,"Sub-national estimates of non-gas, non-electricity and non-road transport fuel consumption",thousand tonnes of oil equivalent,34.1
E06000019,West Midlands,"Herefordshire, County of",16.8,25.8,2.5,0.0,0.2,21.3,8.2,0.7,0.0,0.1,0.1,0,0.6,0.6,30.7,4.0,"Sub-national estimates of non-gas, non-electricity and non-road transport fuel consumption",thousand tonnes of oil equivalent,111.5
E07000194,West Midlands,Lichfield,7.2,2.8,3.2,0.0,0.1,2.5,0.3,0.2,0.0,0.0,0.0,0,0.8,0.2,0.5,1.1,"Sub-national estimates of non-gas, non-electricity and non-road transport fuel consumption",thousand tonnes of oil equivalent,18.8
E07000235,West Midlands,Malvern Hills,6.7,10.9,0.6,0.0,0.1,5.6,2.5,0.2,0.0,0.0,0.0,0,0.0,0.2,9.7,1.1,"Sub-national estimates of non-gas, non-electricity and non-road transport fuel consumption",thousand tonnes of oil equivalent,37.7
E07000195,West Midlands,Newcastle-under-Lyme,4.9,2.0,1.3,0.0,0.1,2.7,0.1,0.1,0.0,0.0,0.0,0,1.6,0.1,0.5,0.9,"Sub-national estimates of non-gas, non-electricity and non-road transport fuel consumption",thousand tonnes of oil equivalent,14.4
E07000218,West Midlands,North Warwickshire,9.8,1.6,3.8,0.0,0.1,1.6,0.4,0.4,0.0,0.0,0.0,0,0.0,0.3,1.8,2.3,"Sub-national estimates of non-gas, non-electricity and non-road transport fuel consumption",thousand tonnes of oil equivalent,22.2
E07000219,West Midlands,Nuneaton and Bedworth,5.0,0.4,1.7,0.0,0.0,0.3,0.0,0.0,0.0,0.0,0.0,0,0.0,0.1,0.5,0.6,"Sub-national estimates of non-gas, non-electricity and non-road transport fuel consumption",thousand tonnes of oil equivalent,8.6
E07000236,West Midlands,Redditch,7.0,0.4,0.0,0.0,0.0,0.4,0.2,0.1,0.0,0.0,0.0,0,0.4,0.1,3.1,0.7,"Sub-national estimates of non-gas, non-electricity and non-road transport fuel consumption",thousand tonnes of oil equivalent,12.4
E07000220,West Midlands,Rugby,15.4,1.8,2.2,0.0,0.1,2.6,60.1,0.1,0.0,0.0,0.0,0,0.1,0.1,62.1,1.0,"Sub-national estimates of non-gas, non-electricity and non-road transport fuel consumption",thousand tonnes of oil equivalent,145.6
E08000028,West Midlands,Sandwell,26.1,0.6,2.8,0.1,0.1,0.1,0.0,0.3,0.0,0.0,0.0,0,4.7,0.3,0.7,2.3,"Sub-national estimates of non-gas, non-electricity and non-road transport fuel consumption",thousand tonnes of oil equivalent,38.1
E06000051,West Midlands,Shropshire,24.0,38.3,4.2,0.0,0.3,33.6,3.6,1.1,0.2,0.1,0.1,0,1.1,0.9,8.4,5.7,"Sub-national estimates of non-gas, non-electricity and non-road transport fuel consumption",thousand tonnes of oil equivalent,121.5
E08000029,West Midlands,Solihull,12.5,1.7,2.8,0.0,0.1,0.9,0.0,0.1,0.0,0.0,0.0,0,0.0,0.1,0.5,0.9,"Sub-national estimates of non-gas, non-electricity and non-road transport fuel consumption",thousand tonnes of oil equivalent,19.7
E07000196,West Midlands,South Staffordshire,8.5,3.0,1.3,0.0,0.1,3.3,1.3,0.2,0.0,0.0,0.0,0,0.1,0.2,4.0,1.5,"Sub-national estimates of non-gas, non-electricity and non-road transport fuel consumption",thousand tonnes of oil equivalent,23.6
E07000197,West Midlands,Stafford,8.7,7.4,4.0,0.0,0.2,7.6,0.3,0.2,0.0,0.1,0.0,0,0.0,0.2,1.9,1.5,"Sub-national estimates of non-gas, non-electricity and non-road transport fuel consumption",thousand tonnes of oil equivalent,32.2
E07000198,West Midlands,Staffordshire Moorlands,12.8,6.4,0.0,0.0,0.1,7.8,30.5,0.1,0.1,0.0,0.0,0,0.4,0.1,56.3,1.0,"Sub-national estimates of non-gas, non-electricity and non-road transport fuel consumption",thousand tonnes of oil equivalent,115.5
E06000021,West Midlands,Stoke-on-Trent,18.2,0.6,0.5,0.0,0.1,0.6,0.0,0.1,0.0,0.0,0.0,0,0.6,0.2,1.2,1.4,"Sub-national estimates of non-gas, non-electricity and non-road transport fuel consumption",thousand tonnes of oil equivalent,23.5
E07000221,West Midlands,Stratford-on-Avon,28.2,14.3,3.5,0.0,0.2,7.5,1.4,0.4,0.0,0.1,0.1,0,0.2,0.3,4.9,2.3,"Sub-national estimates of non-gas, non-electricity and non-road transport fuel consumption",thousand tonnes of oil equivalent,63.3
E07000199,West Midlands,Tamworth,4.0,0.2,1.2,0.0,0.0,0.1,0.0,0.0,0.0,0.0,0.0,0,0.2,0.0,0.3,0.3,"Sub-national estimates of non-gas, non-electricity and non-road transport fuel consumption",thousand tonnes of oil equivalent,6.4
E06000020,West Midlands,Telford and Wrekin,26.7,2.5,0.8,0.0,0.1,1.9,0.1,0.2,0.0,0.0,0.0,0,0.5,0.2,5.8,1.5,"Sub-national estimates of non-gas, non-electricity and non-road transport fuel consumption",thousand tonnes of oil equivalent,40.3
E08000030,West Midlands,Walsall,14.2,0.6,0.5,0.0,0.1,0.4,0.0,0.1,0.0,0.0,0.0,0,3.7,0.1,0.2,1.3,"Sub-national estimates of non-gas, non-electricity and non-road transport fuel consumption",thousand tonnes of oil equivalent,21.2
E07000222,West Midlands,Warwick,9.9,3.1,3.9,0.0,0.2,1.7,0.1,0.1,0.0,0.0,0.0,0,0.1,0.1,0.9,0.8,"Sub-national estimates of non-gas, non-electricity and non-road transport fuel consumption",thousand tonnes of oil equivalent,20.9
E08000031,West Midlands,Wolverhampton,14.5,0.6,1.1,0.0,0.1,0.1,0.0,0.1,0.0,0.0,0.0,0,1.1,0.1,2.5,1.1,"Sub-national estimates of non-gas, non-electricity and non-road transport fuel consumption",thousand tonnes of oil equivalent,21.4
E07000237,West Midlands,Worcester,4.8,0.3,0.7,0.1,0.0,0.1,0.0,0.0,0.0,0.0,0.0,0,0.6,0.0,0.3,0.4,"Sub-national estimates of non-gas, non-electricity and non-road transport fuel consumption",thousand tonnes of oil equivalent,7.4
E07000238,West Midlands,Wychavon,9.9,10.3,4.7,0.0,0.1,5.0,1.2,0.3,0.0,0.1,0.0,0,1.4,0.2,6.2,1.5,"Sub-national estimates of non-gas, non-electricity and non-road transport fuel consumption",thousand tonnes of oil equivalent,41.0
E07000239,West Midlands,Wyre Forest,9.6,2.5,1.0,0.0,0.1,1.3,0.7,0.2,0.2,0.0,0.0,0,0.2,0.2,0.9,1.1,"Sub-national estimates of non-gas, non-electricity and non-road transport fuel consumption",thousand tonnes of oil equivalent,17.8
E12000005,West Midlands,West Midlands total,430.4,148.2,61.9,2.4,3.4,117.5,112.6,6.6,0.4,0.7,0.4,0,22.2,6.6,212.7,47.6,"Sub-national estimates of non-gas, non-electricity and non-road transport fuel consumption",thousand tonnes of oil equivalent,1173.7
E07000200,East of England,Babergh,7.8,10.2,0.6,0.0,0.1,2.4,3.4,1.0,0.0,0.1,0.0,0,0.0,0.6,12.2,2.0,"Sub-national estimates of non-gas, non-electricity and non-road transport fuel consumption",thousand tonnes of oil equivalent,40.4
E07000066,East of England,Basildon,12.7,0.7,0.0,0.0,0.2,0.5,1.4,0.6,0.0,0.0,0.0,0,0.3,0.4,5.8,1.9,"Sub-national estimates of non-gas, non-electricity and non-road transport fuel consumption",thousand tonnes of oil equivalent,24.6
E06000055,East of England,Bedford,8.5,4.8,5.2,0.0,0.1,2.3,0.3,1.0,0.0,0.0,0.0,0,0.5,0.6,40.5,2.2,"Sub-national estimates of non-gas, non-electricity and non-road transport fuel consumption",thousand tonnes of oil equivalent,66.0
E07000067,East of England,Braintree,13.4,8.8,0.6,0.0,0.1,2.5,2.5,1.4,0.0,0.1,0.0,0,0.5,0.8,9.7,3.0,"Sub-national estimates of non-gas, non-electricity and non-road transport fuel consumption",thousand tonnes of oil equivalent,43.4
E07000143,East of England,Breckland,11.8,17.0,0.9,0.0,0.1,4.5,1.4,1.7,0.1,0.1,0.0,0,0.3,0.9,4.0,3.4,"Sub-national estimates of non-gas, non-electricity and non-road transport fuel consumption",thousand tonnes of oil equivalent,46.4
E07000068,East of England,Brentwood,5.6,0.6,0.5,0.0,0.0,0.7,1.2,0.5,0.0,0.0,0.0,0,0.3,0.3,1.6,1.2,"Sub-national estimates of non-gas, non-electricity and non-road transport fuel consumption",thousand tonnes of oil equivalent,12.7
E07000144,East of England,Broadland,7.5,8.5,0.8,0.0,0.1,2.5,20.7,1.4,0.3,0.0,0.0,0,0.0,0.8,16.9,2.9,"Sub-national estimates of non-gas, non-electricity and non-road transport fuel consumption",thousand tonnes of oil equivalent,62.3
E07000095,East of England,Broxbourne,8.1,0.3,0.1,0.0,0.1,0.2,0.0,0.2,0.0,0.0,0.0,0,0.1,0.1,1.9,0.7,"Sub-national estimates of non-gas, non-electricity and non-road transport fuel consumption",thousand tonnes of oil equivalent,11.9
E07000008,East of England,Cambridge,3.6,0.3,0.3,0.1,0.1,0.1,0.0,0.5,0.0,0.0,0.0,0,0.0,0.3,1.1,1.4,"Sub-national estimates of non-gas, non-electricity and non-road transport fuel consumption",thousand tonnes of oil equivalent,7.8
E07000069,East of England,Castle Point,2.6,0.2,0.0,0.0,0.0,0.2,0.2,0.4,0.0,0.0,0.0,0,0.0,0.3,0.8,1.2,"Sub-national estimates of non-gas, non-electricity and non-road transport fuel consumption",thousand tonnes of oil equivalent,5.9
E06000056,East of England,Central Bedfordshire,24.2,6.7,6.8,0.0,0.2,3.5,3.1,1.9,0.0,0.1,0.1,0,0.1,1.1,11.9,4.1,"Sub-national estimates of non-gas, non-electricity and non-road transport fuel consumption",thousand tonnes of oil equivalent,63.7
E07000070,East of England,Chelmsford,10.7,5.9,0.6,0.0,0.1,1.5,2.4,1.1,0.0,0.1,0.0,0,0.2,0.6,9.5,2.6,"Sub-national estimates of non-gas, non-electricity and non-road transport fuel consumption",thousand tonnes of oil equivalent,35.4
E07000071,East of England,Colchester,9.8,6.6,0.6,0.0,0.1,1.4,1.5,1.3,0.0,0.1,0.1,0,0.1,0.7,5.9,2.8,"Sub-national estimates of non-gas, non-electricity and non-road transport fuel consumption",thousand tonnes of oil equivalent,30.9
E07000096,East of England,Dacorum,3.7,1.6,1.7,0.0,0.3,1.1,0.3,0.6,0.0,0.0,0.0,0,0.0,0.4,1.1,1.6,"Sub-national estimates of non-gas, non-electricity and non-road transport fuel consumption",thousand tonnes of oil equivalent,12.5
E07000009,East of England,East Cambridgeshire,4.6,8.3,2.8,0.0,0.1,2.5,4.1,1.2,0.0,0.0,0.0,0,0.0,0.6,3.7,2.2,"Sub-national estimates of non-gas, non-electricity and non-road transport fuel consumption",thousand tonnes of oil equivalent,30.2
E07000242,East of England,East Hertfordshire,13.7,5.0,0.3,0.0,0.3,2.3,1.7,0.8,0.0,0.1,0.0,0,0.3,0.4,7.4,1.8,"Sub-national estimates of non-gas, non-electricity and non-road transport fuel consumption",thousand tonnes of oil equivalent,34.1
E07000244,East of England,East Suffolk,17.4,13.3,1.7,0.0,0.2,4.8,19.3,2.1,0.0,0.1,0.1,0,0.0,1.2,78.9,4.6,"Sub-national estimates of non-gas, non-electricity and non-road transport fuel consumption",thousand tonnes of oil equivalent,143.9
E07000072,East of England,Epping Forest,3.9,3.0,0.0,0.0,0.1,1.3,0.6,0.8,0.1,0.0,0.0,0,0.1,0.5,2.2,2.0,"Sub-national estimates of non-gas, non-electricity and non-road transport fuel consumption",thousand tonnes of oil equivalent,14.5
E07000010,East of England,Fenland,10.1,5.7,2.4,0.0,0.1,2.1,3.8,0.8,0.0,0.0,0.0,0,0.1,0.4,10.0,1.8,"Sub-national estimates of non-gas, non-electricity and non-road transport fuel consumption",thousand tonnes of oil equivalent,37.4
E07000145,East of England,Great Yarmouth,3.8,6.5,0.1,0.0,0.1,0.9,0.0,0.9,0.0,0.0,0.0,0,0.0,0.5,0.2,2.0,"Sub-national estimates of non-gas, non-electricity and non-road transport fuel consumption",thousand tonnes of oil equivalent,15.2
E07000073,East of England,Harlow,4.9,0.2,0.0,0.0,0.1,0.1,0.4,0.3,0.0,0.0,0.0,0,0.0,0.2,9.1,0.9,"Sub-national estimates of non-gas, non-electricity and non-road transport fuel consumption",thousand tonnes of oil equivalent,16.2
E07000098,East of England,Hertsmere,9.4,0.5,1.6,0.0,0.1,0.4,0.5,0.5,0.0,0.0,0.0,0,0.0,0.3,1.2,1.2,"Sub-national estimates of non-gas, non-electricity and non-road transport fuel consumption",thousand tonnes of oil equivalent,15.9
E07000011,East of England,Huntingdonshire,15.0,7.6,4.1,0.0,0.4,3.4,4.3,1.5,0.0,0.1,0.1,0,0.0,0.8,15.6,3.0,"Sub-national estimates of non-gas, non-electricity and non-road transport fuel consumption",thousand tonnes of oil equivalent,55.9
E07000202,East of England,Ipswich,4.7,0.4,1.1,0.0,0.1,0.1,2.2,0.7,0.0,0.1,0.0,0,0.1,0.4,6.6,2.1,"Sub-national estimates of non-gas, non-electricity and non-road transport fuel consumption",thousand tonnes of oil equivalent,18.5
E07000146,East of England,King's Lynn and West Norfolk,12.5,22.2,0.1,0.7,0.1,5.8,5.4,1.4,0.0,0.1,0.0,0,0.1,0.8,3.5,2.8,"Sub-national estimates of non-gas, non-electricity and non-road transport fuel consumption",thousand tonnes of oil equivalent,55.5
E06000032,East of England,Luton,13.3,0.4,1.6,0.0,0.1,0.1,0.0,0.3,0.0,0.0,0.0,0,0.0,0.2,0.1,1.3,"Sub-national estimates of non-gas, non-electricity and non-road transport fuel consumption",thousand tonnes of oil equivalent,17.5
E07000074,East of England,Maldon,5.9,6.7,0.0,0.0,0.1,1.9,0.9,0.6,0.0,0.0,0.0,0,0.0,0.3,3.5,1.2,"Sub-national estimates of non-gas, non-electricity and non-road transport fuel consumption",thousand tonnes of oil equivalent,21.2
E07000203,East of England,Mid Suffolk,14.9,16.9,2.0,0.1,0.1,3.4,1.2,1.2,0.0,0.1,0.0,0,0.1,0.6,3.0,2.2,"Sub-national estimates of non-gas, non-electricity and non-road transport fuel consumption",thousand tonnes of oil equivalent,45.7
E07000099,East of England,North Hertfordshire,7.5,3.5,1.1,0.0,0.1,2.0,0.1,0.7,0.0,0.0,0.0,0,1.0,0.4,1.1,1.8,"Sub-national estimates of non-gas, non-electricity and non-road transport fuel consumption",thousand tonnes of oil equivalent,19.4
E07000147,East of England,North Norfolk,7.9,16.2,0.2,0.0,0.1,4.4,0.1,1.4,0.1,0.1,0.0,0,0.0,0.7,0.5,2.5,"Sub-national estimates of non-gas, non-electricity and non-road transport fuel consumption",thousand tonnes of oil equivalent,34.2
E07000148,East of England,Norwich,8.2,0.4,0.2,0.0,0.1,0.1,0.0,0.6,0.0,0.0,0.0,0,0.1,0.4,0.6,1.7,"Sub-national estimates of non-gas, non-electricity and non-road transport fuel consumption",thousand tonnes of oil equivalent,12.3
E06000031,East of England,Peterborough,12.2,2.9,3.4,0.0,0.1,1.1,0.0,0.9,0.1,0.0,0.0,0,0.1,0.5,3.4,2.4,"Sub-national estimates of non-gas, non-electricity and non-road transport fuel consumption",thousand tonnes of oil equivalent,27.1
E07000075,East of England,Rochford,3.4,0.7,0.0,0.0,0.0,0.9,0.3,0.4,0.0,0.0,0.0,0,0.1,0.2,1.6,1.1,"Sub-national estimates of non-gas, non-electricity and non-road transport fuel consumption",thousand tonnes of oil equivalent,8.9
E07000012,East of England,South Cambridgeshire,15.1,13.8,1.0,0.0,0.1,3.8,0.8,1.6,0.0,0.1,0.0,0,0.1,0.9,2.6,3.0,"Sub-national estimates of non-gas, non-electricity and non-road transport fuel consumption",thousand tonnes of oil equivalent,42.9
E07000149,East of England,South Norfolk,13.4,18.0,0.7,0.0,0.1,4.4,2.9,1.4,0.0,0.2,0.1,0,0.1,0.7,3.3,2.6,"Sub-national estimates of non-gas, non-electricity and non-road transport fuel consumption",thousand tonnes of oil equivalent,47.9
E06000033,East of England,Southend-on-Sea,4.3,0.3,0.0,0.0,0.1,0.1,1.9,0.8,0.0,0.1,0.0,0,0.1,0.5,8.1,2.1,"Sub-national estimates of non-gas, non-electricity and non-road transport fuel consumption",thousand tonnes of oil equivalent,18.4
E07000240,East of England,St Albans,4.1,0.8,3.1,0.0,0.1,0.7,0.1,0.6,0.0,0.0,0.0,0,0.1,0.4,0.8,1.6,"Sub-national estimates of non-gas, non-electricity and non-road transport fuel consumption",thousand tonnes of oil equivalent,12.5
E07000243,East of England,Stevenage,4.8,0.2,0.6,0.0,0.0,0.1,0.0,0.1,0.0,0.0,0.0,0,0.0,0.1,0.1,0.4,"Sub-national estimates of non-gas, non-electricity and non-road transport fuel consumption",thousand tonnes of oil equivalent,6.4
E07000076,East of England,Tendring,9.4,4.2,0.4,0.0,0.1,1.3,1.9,1.2,0.0,0.0,0.0,0,0.1,0.7,8.0,2.7,"Sub-national estimates of non-gas, non-electricity and non-road transport fuel consumption",thousand tonnes of oil equivalent,30.1
E07000102,East of England,Three Rivers,4.7,0.6,1.4,0.0,0.1,0.5,0.0,0.5,0.0,0.0,0.0,0,0.1,0.3,0.2,1.3,"Sub-national estimates of non-gas, non-electricity and non-road transport fuel consumption",thousand tonnes of oil equivalent,9.7
E06000034,East of England,Thurrock,7.3,0.4,0.6,0.0,0.2,0.6,0.6,2.0,0.0,0.0,0.1,0,0.1,1.1,2.0,4.0,"Sub-national estimates of non-gas, non-electricity and non-road transport fuel consumption",thousand tonnes of oil equivalent,19.0
E07000077,East of England,Uttlesford,7.4,8.1,0.6,0.0,0.1,2.5,0.6,0.8,0.0,0.0,0.0,0,0.0,0.4,2.3,1.5,"Sub-national estimates of non-gas, non-electricity and non-road transport fuel consumption",thousand tonnes of oil equivalent,24.4
E07000103,East of England,Watford,3.7,0.2,0.6,0.0,0.1,0.0,0.0,0.1,0.0,0.0,0.0,0,0.0,0.1,0.1,0.4,"Sub-national estimates of non-gas, non-electricity and non-road transport fuel consumption",thousand tonnes of oil equivalent,5.4
E07000241,East of England,Welwyn Hatfield,4.6,0.8,1.8,0.0,0.2,0.6,4.1,0.5,0.0,0.1,0.1,0,0.0,0.3,17.0,1.3,"Sub-national estimates of non-gas, non-electricity and non-road transport fuel consumption",thousand tonnes of oil equivalent,31.3
E07000245,East of England,West Suffolk,13.1,16.0,1.5,0.4,0.2,3.2,6.8,1.1,0.0,0.1,0.1,0,2.3,0.6,7.0,2.5,"Sub-national estimates of non-gas, non-electricity and non-road transport fuel consumption",thousand tonnes of oil equivalent,55.0
E12000006,East of England,East of England total,395.4,255.9,54.1,1.4,5.3,79.0,103.2,41.6,0.8,2.1,1.3,0,7.4,23.4,326.5,92.8,"Sub-national estimates of non-gas, non-electricity and non-road transport fuel consumption",thousand tonnes of oil equivalent,1390.1
E09000001,Inner London,City of London,3.3,0.0,0.0,0.0,0.5,0.0,0.0,0.0,0.0,0.0,0.0,0,0.0,0.0,0.9,0.0,"Sub-national estimates of non-gas, non-electricity and non-road transport fuel consumption",thousand tonnes of oil equivalent,4.8
E09000007,Inner London,Camden,6.0,0.8,3.4,0.1,0.6,0.0,0.0,0.0,0.0,0.0,0.0,0,0.1,0.0,0.4,0.1,"Sub-national estimates of non-gas, non-electricity and non-road transport fuel consumption",thousand tonnes of oil equivalent,11.6
E09000012,Inner London,Hackney,4.5,0.3,0.3,0.0,0.2,0.0,0.0,0.0,0.0,0.0,0.0,0,0.1,0.0,1.8,0.2,"Sub-national estimates of non-gas, non-electricity and non-road transport fuel consumption",thousand tonnes of oil equivalent,7.4
E09000013,Inner London,Hammersmith and Fulham,3.8,0.3,0.8,0.1,0.2,0.0,0.0,0.0,0.0,0.0,0.0,0,0.0,0.0,0.1,0.1,"Sub-national estimates of non-gas, non-electricity and non-road transport fuel consumption",thousand tonnes of oil equivalent,5.6
E09000014,Inner London,Haringey,4.5,0.3,1.1,0.0,0.1,0.0,0.0,0.0,0.0,0.0,0.0,0,0.0,0.0,1.4,0.2,"Sub-national estimates of non-gas, non-electricity and non-road transport fuel consumption",thousand tonnes of oil equivalent,7.7
E09000019,Inner London,Islington,3.3,0.3,0.8,0.0,0.3,0.0,0.0,0.0,0.0,0.0,0.0,0,0.1,0.0,0.4,0.1,"Sub-national estimates of non-gas, non-electricity and non-road transport fuel consumption",thousand tonnes of oil equivalent,5.3
E09000020,Inner London,Kensington and Chelsea,2.7,0.7,0.2,0.1,0.2,0.0,0.0,0.0,0.0,0.0,0.0,0,0.0,0.0,0.4,0.1,"Sub-national estimates of non-gas, non-electricity and non-road transport fuel consumption",thousand tonnes of oil equivalent,4.3
E09000022,Inner London,Lambeth,7.8,0.5,0.3,0.0,0.1,0.0,0.0,0.0,0.0,0.0,0.0,0,0.0,0.0,0.4,0.2,"Sub-national estimates of non-gas, non-electricity and non-road transport fuel consumption",thousand tonnes of oil equivalent,9.6
E09000023,Inner London,Lewisham,3.0,0.4,0.7,0.0,0.1,0.0,0.0,0.1,0.0,0.0,0.0,0,0.0,0.1,0.1,0.3,"Sub-national estimates of non-gas, non-electricity and non-road transport fuel consumption",thousand tonnes of oil equivalent,4.7
E09000025,Inner London,Newham,6.3,0.2,0.7,0.0,0.2,0.0,0.0,0.1,0.0,0.0,0.0,0,0.0,0.1,15.6,0.4,"Sub-national estimates of non-gas, non-electricity and non-road transport fuel consumption",thousand tonnes of oil equivalent,23.5
E09000028,Inner London,Southwark,3.6,0.7,0.3,0.1,0.2,0.0,0.0,0.0,0.0,0.0,0.0,0,0.0,0.0,4.0,0.2,"Sub-national estimates of non-gas, non-electricity and non-road transport fuel consumption",thousand tonnes of oil equivalent,9.2
E09000030,Inner London,Tower Hamlets,7.9,0.4,0.0,0.0,0.6,0.0,0.0,0.0,0.0,0.0,0.0,0,0.0,0.0,2.8,0.1,"Sub-national estimates of non-gas, non-electricity and non-road transport fuel consumption",thousand tonnes of oil equivalent,12.0
E09000032,Inner London,Wandsworth,4.3,0.5,0.5,0.0,0.2,0.0,0.0,0.0,0.0,0.0,0.0,0,0.0,0.0,0.7,0.3,"Sub-national estimates of non-gas, non-electricity and non-road transport fuel consumption",thousand tonnes of oil equivalent,6.6
E09000033,Inner London,Westminster,21.9,1.0,0.8,0.0,1.6,0.0,0.0,0.0,0.0,0.0,0.0,0,0.0,0.0,1.7,0.1,"Sub-national estimates of non-gas, non-electricity and non-road transport fuel consumption",thousand tonnes of oil equivalent,27.2
E13000001,Inner London,Inner London total,83.1,6.3,9.9,0.6,5.1,0.3,0.0,0.4,0.0,0.0,0.0,0,0.4,0.4,30.9,2.3,"Sub-national estimates of non-gas, non-electricity and non-road transport fuel consumption",thousand tonnes of oil equivalent,139.6
E09000002,Outer London,Barking and Dagenham,12.0,0.2,0.5,0.0,0.2,0.1,0.0,0.1,0.0,0.0,0.0,0,0.0,0.1,0.3,0.4,"Sub-national estimates of non-gas, non-electricity and non-road transport fuel consumption",thousand tonnes of oil equivalent,13.8
E09000003,Outer London,Barnet,7.1,0.7,2.7,0.0,0.2,0.2,0.0,0.2,0.0,0.0,0.0,0,0.1,0.1,0.2,0.4,"Sub-national estimates of non-gas, non-electricity and non-road transport fuel consumption",thousand tonnes of oil equivalent,11.8
E09000004,Outer London,Bexley,7.5,0.5,0.3,0.0,0.2,0.1,0.0,0.1,0.0,0.0,0.0,0,0.0,0.1,3.2,0.4,"Sub-national estimates of non-gas, non-electricity and non-road transport fuel consumption",thousand tonnes of oil equivalent,12.4
E09000005,Outer London,Brent,19.8,0.4,4.6,0.0,0.2,0.1,0.0,0.1,0.0,0.0,0.0,0,0.0,0.0,1.0,0.3,"Sub-national estimates of non-gas, non-electricity and non-road transport fuel consumption",thousand tonnes of oil equivalent,26.5
E09000006,Outer London,Bromley,7.9,1.2,0.4,0.0,0.1,0.5,0.0,0.4,0.0,0.0,0.0,0,0.0,0.2,0.3,0.6,"Sub-national estimates of non-gas, non-electricity and non-road transport fuel consumption",thousand tonnes of oil equivalent,11.5
E09000008,Outer London,Croydon,4.9,0.8,0.9,0.0,0.1,0.2,0.0,0.7,0.0,0.0,0.0,0,0.0,0.3,1.0,0.6,"Sub-national estimates of non-gas, non-electricity and non-road transport fuel consumption",thousand tonnes of oil equivalent,9.5
E09000009,Outer London,Ealing,11.2,0.6,1.9,0.0,0.3,0.1,0.0,0.1,0.0,0.0,0.0,0,0.0,0.1,2.6,0.4,"Sub-national estimates of non-gas, non-electricity and non-road transport fuel consumption",thousand tonnes of oil equivalent,17.3
E09000010,Outer London,Enfield,8.4,0.5,0.4,0.0,0.5,0.2,0.0,0.1,0.0,0.0,0.0,0,0.1,0.1,0.3,0.6,"Sub-national estimates of non-gas, non-electricity and non-road transport fuel consumption",thousand tonnes of oil equivalent,11.3
E09000011,Outer London,Greenwich,6.6,0.4,0.2,0.0,0.3,0.1,0.0,0.1,0.0,0.0,0.0,0,0.0,0.1,0.3,0.3,"Sub-national estimates of non-gas, non-electricity and non-road transport fuel consumption",thousand tonnes of oil equivalent,8.2
E09000015,Outer London,Harrow,3.7,0.5,1.5,0.0,0.1,0.1,0.0,0.1,0.0,0.0,0.0,0,0.1,0.1,0.2,0.3,"Sub-national estimates of non-gas, non-electricity and non-road transport fuel consumption",thousand tonnes of oil equivalent,6.5
E09000016,Outer London,Havering,7.5,0.7,0.5,0.0,0.2,0.4,0.0,0.1,0.0,0.0,0.0,0,0.1,0.1,0.1,0.5,"Sub-national estimates of non-gas, non-electricity and non-road transport fuel consumption",thousand tonnes of oil equivalent,10.1
E09000017,Outer London,Hillingdon,16.9,0.8,2.8,0.0,0.9,0.4,0.2,0.4,0.0,0.0,0.0,0,0.1,0.3,1.2,1.1,"Sub-national estimates of non-gas, non-electricity and non-road transport fuel consumption",thousand tonnes of oil equivalent,25.0
E09000018,Outer London,Hounslow,5.7,0.6,0.1,0.0,0.6,0.1,0.0,0.1,0.0,0.0,0.0,0,0.2,0.0,0.5,0.3,"Sub-national estimates of non-gas, non-electricity and non-road transport fuel consumption",thousand tonnes of oil equivalent,8.2
E09000021,Outer London,Kingston upon Thames,4.1,0.3,0.2,0.0,0.1,0.1,0.0,0.0,0.0,0.0,0.0,0,0.0,0.0,0.3,0.2,"Sub-national estimates of non-gas, non-electricity and non-road transport fuel consumption",thousand tonnes of oil equivalent,5.3
E09000024,Outer London,Merton,3.9,0.4,0.2,0.0,0.1,0.1,0.0,0.1,0.0,0.0,0.0,0,0.0,0.1,0.7,0.3,"Sub-national estimates of non-gas, non-electricity and non-road transport fuel consumption",thousand tonnes of oil equivalent,5.8
E09000026,Outer London,Redbridge,7.6,0.4,0.2,0.0,0.1,0.1,0.0,0.1,0.0,0.0,0.0,0,0.0,0.1,0.1,0.4,"Sub-national estimates of non-gas, non-electricity and non-road transport fuel consumption",thousand tonnes of oil equivalent,9.0
E09000027,Outer London,Richmond upon Thames,3.3,0.6,0.1,0.0,0.2,0.1,0.0,0.0,0.0,0.0,0.0,0,0.0,0.0,0.3,0.2,"Sub-national estimates of non-gas, non-electricity and non-road transport fuel consumption",thousand tonnes of oil equivalent,4.9
E09000029,Outer London,Sutton,4.8,0.4,0.0,0.0,0.2,0.1,0.0,0.0,0.0,0.0,0.0,0,0.1,0.0,0.8,0.3,"Sub-national estimates of non-gas, non-electricity and non-road transport fuel consumption",thousand tonnes of oil equivalent,6.8
E09000031,Outer London,Waltham Forest,4.8,0.3,0.6,0.0,0.1,0.1,0.0,0.1,0.0,0.0,0.0,0,0.0,0.1,1.3,0.3,"Sub-national estimates of non-gas, non-electricity and non-road transport fuel consumption",thousand tonnes of oil equivalent,7.6
E13000002,Outer London,Outer London total,147.8,10.2,17.9,0.1,4.5,3.1,0.2,2.7,0.0,0.0,0.0,0,0.9,1.7,14.6,8.0,"Sub-national estimates of non-gas, non-electricity and non-road transport fuel consumption",thousand tonnes of oil equivalent,211.7
E07000223,South East,Adur,3.3,0.2,0.0,0.0,0.0,0.3,0.0,0.3,0.0,0.0,0.0,0,0.0,0.2,0.0,1.0,"Sub-national estimates of non-gas, non-electricity and non-road transport fuel consumption",thousand tonnes of oil equivalent,5.4
E07000224,South East,Arun,7.2,1.8,0.0,0.0,0.1,1.5,0.1,0.7,0.0,0.0,0.0,0,0.0,0.5,0.6,2.6,"Sub-national estimates of non-gas, non-electricity and non-road transport fuel consumption",thousand tonnes of oil equivalent,15.2
E07000105,South East,Ashford,11.2,10.7,0.7,0.0,0.1,3.8,2.4,0.7,0.1,0.1,0.0,0,0.0,0.4,11.3,2.2,"Sub-national estimates of non-gas, non-electricity and non-road transport fuel consumption",thousand tonnes of oil equivalent,43.6
E07000084,South East,Basingstoke and Deane,10.5,10.0,3.7,0.0,0.2,4.2,0.8,0.8,0.0,0.1,0.0,0,0.0,0.5,2.7,2.7,"Sub-national estimates of non-gas, non-electricity and non-road transport fuel consumption",thousand tonnes of oil equivalent,36.2
E06000036,South East,Bracknell Forest,3.1,0.6,0.2,0.1,0.1,0.5,0.0,0.5,0.0,0.0,0.0,0,0.0,0.3,0.1,1.9,"Sub-national estimates of non-gas, non-electricity and non-road transport fuel consumption",thousand tonnes of oil equivalent,7.3
E06000043,South East,Brighton and Hove,5.2,0.6,0.0,0.1,0.2,0.5,0.0,0.7,0.0,0.0,0.0,0,0.0,0.5,0.6,2.8,"Sub-national estimates of non-gas, non-electricity and non-road transport fuel consumption",thousand tonnes of oil equivalent,11.1
E06000060,South East,Buckinghamshire,30.8,27.0,15.4,0.2,0.4,10.8,3.8,2.2,0.0,0.3,0.1,0,0.3,1.5,13.7,7.4,"Sub-national estimates of non-gas, non-electricity and non-road transport fuel consumption",thousand tonnes of oil equivalent,113.9
E07000106,South East,Canterbury,3.9,2.5,0.1,0.0,0.1,1.3,0.4,0.7,0.0,0.0,0.0,0,0.0,0.5,1.6,2.4,"Sub-national estimates of non-gas, non-electricity and non-road transport fuel consumption",thousand tonnes of oil equivalent,13.6
E07000177,South East,Cherwell,23.3,13.0,7.0,3.3,0.1,4.4,5.6,0.7,0.0,0.1,0.1,0,0.2,0.5,34.2,2.5,"Sub-national estimates of non-gas, non-electricity and non-road transport fuel consumption",thousand tonnes of oil equivalent,95.0
E07000225,South East,Chichester,24.6,13.3,0.0,0.0,0.1,5.2,1.4,0.6,0.0,0.1,0.1,0,0.2,0.4,5.7,1.9,"Sub-national estimates of non-gas, non-electricity and non-road transport fuel consumption",thousand tonnes of oil equivalent,53.6
E07000226,South East,Crawley,21.9,0.3,0.1,0.0,0.2,0.2,0.0,0.2,0.0,0.0,0.0,0,0.0,0.2,0.0,1.0,"Sub-national estimates of non-gas, non-electricity and non-road transport fuel consumption",thousand tonnes of oil equivalent,24.0
E07000107,South East,Dartford,5.3,0.6,0.2,0.0,0.4,0.3,0.0,0.3,0.0,0.0,0.0,0,0.0,0.2,0.7,1.2,"Sub-national estimates of non-gas, non-electricity and non-road transport fuel consumption",thousand tonnes of oil equivalent,9.2
E07000108,South East,Dover,5.3,3.3,0.1,0.0,0.1,1.5,2.3,0.6,0.0,0.1,0.0,0,0.0,0.4,9.8,1.9,"Sub-national estimates of non-gas, non-electricity and non-road transport fuel consumption",thousand tonnes of oil equivalent,25.3
E07000085,South East,East Hampshire,6.6,7.4,0.1,0.0,0.1,3.5,3.7,0.7,0.2,0.1,0.0,0,0.0,0.4,11.7,2.2,"Sub-national estimates of non-gas, non-electricity and non-road transport fuel consumption",thousand tonnes of oil equivalent,36.7
E07000061,South East,Eastbourne,2.4,0.3,0.1,0.0,0.0,0.3,0.1,0.4,0.0,0.0,0.0,0,0.0,0.3,0.4,1.4,"Sub-national estimates of non-gas, non-electricity and non-road transport fuel consumption",thousand tonnes of oil equivalent,5.6
E07000086,South East,Eastleigh,8.2,0.7,0.6,0.0,0.1,0.5,0.3,0.6,0.0,0.0,0.0,0,0.0,0.4,1.6,2.1,"Sub-national estimates of non-gas, non-electricity and non-road transport fuel consumption",thousand tonnes of oil equivalent,15.0
E07000207,South East,Elmbridge,3.8,0.8,0.3,0.0,0.1,0.3,0.0,0.6,0.0,0.0,0.0,0,0.0,0.4,0.3,2.1,"Sub-national estimates of non-gas, non-electricity and non-road transport fuel consumption",thousand tonnes of oil equivalent,8.8
E07000208,South East,Epsom and Ewell,1.0,0.2,0.0,0.0,0.0,0.2,0.0,0.3,0.0,0.0,0.0,0,0.0,0.2,0.1,1.1,"Sub-national estimates of non-gas, non-electricity and non-road transport fuel consumption",thousand tonnes of oil equivalent,3.1
E07000087,South East,Fareham,5.9,0.7,0.2,0.2,0.1,0.4,0.2,0.5,0.0,0.0,0.0,0,0.1,0.3,0.7,1.9,"Sub-national estimates of non-gas, non-electricity and non-road transport fuel consumption",thousand tonnes of oil equivalent,11.3
E07000112,South East,Folkestone and Hythe,5.0,5.3,0.1,0.0,0.1,2.3,0.2,0.5,0.6,0.1,0.0,0,0.0,0.3,1.0,1.5,"Sub-national estimates of non-gas, non-electricity and non-road transport fuel consumption",thousand tonnes of oil equivalent,17.0
E07000088,South East,Gosport,4.1,0.2,0.0,0.0,0.0,0.1,0.0,0.3,0.0,0.0,0.0,0,0.1,0.2,0.0,1.3,"Sub-national estimates of non-gas, non-electricity and non-road transport fuel consumption",thousand tonnes of oil equivalent,6.3
E07000109,South East,Gravesham,4.8,1.6,0.3,0.0,0.0,0.5,0.2,0.2,0.0,0.0,0.0,0,0.0,0.2,0.2,1.0,"Sub-national estimates of non-gas, non-electricity and non-road transport fuel consumption",thousand tonnes of oil equivalent,9.1
E07000209,South East,Guildford,4.6,2.7,1.7,0.0,0.1,1.1,0.7,0.6,0.0,0.0,0.0,0,0.0,0.4,3.0,2.0,"Sub-national estimates of non-gas, non-electricity and non-road transport fuel consumption",thousand tonnes of oil equivalent,17.0
E07000089,South East,Hart,4.6,1.8,0.7,0.0,0.1,1.1,0.2,0.4,0.0,0.0,0.0,0,0.0,0.3,0.3,1.3,"Sub-national estimates of non-gas, non-electricity and non-road transport fuel consumption",thousand tonnes of oil equivalent,10.8
E07000062,South East,Hastings,2.8,0.3,0.1,0.0,0.0,0.1,0.1,0.3,0.0,0.1,0.0,0,0.3,0.2,0.4,1.3,"Sub-national estimates of non-gas, non-electricity and non-road transport fuel consumption",thousand tonnes of oil equivalent,6.2
E07000090,South East,Havant,7.3,0.5,0.0,0.0,0.0,0.3,0.2,0.5,0.0,0.0,0.0,0,0.0,0.4,1.1,2.0,"Sub-national estimates of non-gas, non-electricity and non-road transport fuel consumption",thousand tonnes of oil equivalent,12.3
E07000227,South East,Horsham,10.5,10.2,0.0,0.0,0.1,4.1,1.0,0.7,0.0,0.1,0.0,0,2.8,0.4,3.8,2.0,"Sub-national estimates of non-gas, non-electricity and non-road transport fuel consumption",thousand tonnes of oil equivalent,35.9
E06000046,South East,Isle of Wight,13.6,4.5,0.0,0.4,0.1,3.3,0.9,0.8,0.0,0.0,0.0,0,0.0,0.6,4.3,2.8,"Sub-national estimates of non-gas, non-electricity and non-road transport fuel consumption",thousand tonnes of oil equivalent,31.4
E07000063,South East,Lewes,3.3,4.9,0.1,0.0,0.1,2.6,0.9,0.5,0.0,0.1,0.0,0,0.9,0.3,2.5,1.7,"Sub-national estimates of non-gas, non-electricity and non-road transport fuel consumption",thousand tonnes of oil equivalent,17.9
E07000110,South East,Maidstone,9.3,5.7,0.3,0.0,0.1,2.9,1.8,0.8,0.0,0.1,0.1,0,0.1,0.5,7.5,2.6,"Sub-national estimates of non-gas, non-electricity and non-road transport fuel consumption",thousand tonnes of oil equivalent,31.7
E06000035,South East,Medway,11.9,1.4,0.2,0.0,0.1,0.8,0.1,1.0,0.0,0.0,0.0,0,0.7,0.7,1.5,4.1,"Sub-national estimates of non-gas, non-electricity and non-road transport fuel consumption",thousand tonnes of oil equivalent,22.5
E07000228,South East,Mid Sussex,7.6,5.8,0.1,0.0,0.1,2.4,2.0,0.5,0.3,0.0,0.0,0,4.9,0.3,8.3,1.8,"Sub-national estimates of non-gas, non-electricity and non-road transport fuel consumption",thousand tonnes of oil equivalent,34.2
E06000042,South East,Milton Keynes,11.5,2.9,2.1,0.0,0.2,1.8,0.0,1.0,0.0,0.1,0.0,0,0.0,0.7,2.8,3.8,"Sub-national estimates of non-gas, non-electricity and non-road transport fuel consumption",thousand tonnes of oil equivalent,26.9
E07000210,South East,Mole Valley,3.2,2.4,0.9,0.0,0.1,1.5,0.4,0.4,0.0,0.0,0.0,0,1.7,0.3,1.6,1.3,"Sub-national estimates of non-gas, non-electricity and non-road transport fuel consumption",thousand tonnes of oil equivalent,13.8
E07000091,South East,New Forest,793.6,6.9,0.7,0.0,0.2,4.2,0.6,0.8,0.0,0.0,0.0,0,180.5,0.6,2.9,2.9,"Sub-national estimates of non-gas, non-electricity and non-road transport fuel consumption",thousand tonnes of oil equivalent,994.0
E07000178,South East,Oxford,6.6,0.4,1.5,1.6,0.1,0.2,0.0,0.3,0.0,0.0,0.0,0,0.0,0.2,0.3,1.3,"Sub-national estimates of non-gas, non-electricity and non-road transport fuel consumption",thousand tonnes of oil equivalent,12.5
E06000044,South East,Portsmouth,11.6,0.2,0.2,0.7,0.2,0.2,0.0,0.7,0.0,0.0,0.0,0,0.0,0.5,0.2,3.1,"Sub-national estimates of non-gas, non-electricity and non-road transport fuel consumption",thousand tonnes of oil equivalent,17.7
E06000038,South East,Reading,4.5,0.4,1.8,0.0,0.1,0.1,0.0,0.3,0.0,0.0,0.0,0,0.0,0.3,0.3,1.6,"Sub-national estimates of non-gas, non-electricity and non-road transport fuel consumption",thousand tonnes of oil equivalent,9.5
E07000211,South East,Reigate and Banstead,6.9,1.1,0.8,0.0,0.1,0.7,0.0,0.5,0.0,0.0,0.0,0,0.0,0.3,0.1,1.8,"Sub-national estimates of non-gas, non-electricity and non-road transport fuel consumption",thousand tonnes of oil equivalent,12.3
E07000064,South East,Rother,3.4,7.2,0.6,0.0,0.1,4.7,0.2,0.6,0.1,0.0,0.0,0,2.7,0.4,0.5,1.8,"Sub-national estimates of non-gas, non-electricity and non-road transport fuel consumption",thousand tonnes of oil equivalent,22.3
E07000212,South East,Runnymede,3.5,0.6,0.2,0.1,0.1,0.2,0.0,0.3,0.0,0.0,0.0,0,0.0,0.2,0.4,1.2,"Sub-national estimates of non-gas, non-electricity and non-road transport fuel consumption",thousand tonnes of oil equivalent,6.7
E07000092,South East,Rushmoor,4.5,0.3,0.5,0.0,0.1,0.1,0.0,0.3,0.0,0.0,0.0,0,0.0,0.2,0.1,1.3,"Sub-national estimates of non-gas, non-electricity and non-road transport fuel consumption",thousand tonnes of oil equivalent,7.4
E07000111,South East,Sevenoaks,6.1,6.9,1.0,0.0,0.1,2.6,0.5,0.8,0.0,0.1,0.0,0,0.0,0.5,1.3,1.9,"Sub-national estimates of non-gas, non-electricity and non-road transport fuel consumption",thousand tonnes of oil equivalent,21.7
E06000039,South East,Slough,11.8,0.2,1.4,0.0,0.5,0.1,0.6,0.2,0.0,0.0,0.0,0,0.0,0.2,4.2,1.0,"Sub-national estimates of non-gas, non-electricity and non-road transport fuel consumption",thousand tonnes of oil equivalent,20.2
E07000179,South East,South Oxfordshire,7.8,9.9,3.4,0.0,0.1,5.9,1.7,0.6,0.0,0.1,0.0,0,0.1,0.4,7.1,2.0,"Sub-national estimates of non-gas, non-electricity and non-road transport fuel consumption",thousand tonnes of oil equivalent,39.1
E06000045,South East,Southampton,12.0,0.4,1.1,0.7,0.1,0.1,0.0,0.6,0.0,0.0,0.0,0,0.0,0.5,0.2,2.7,"Sub-national estimates of non-gas, non-electricity and non-road transport fuel consumption",thousand tonnes of oil equivalent,18.3
E07000213,South East,Spelthorne,3.6,0.3,0.0,0.0,0.0,0.1,0.0,0.3,0.0,0.0,0.0,0,0.1,0.2,0.0,1.4,"Sub-national estimates of non-gas, non-electricity and non-road transport fuel consumption",thousand tonnes of oil equivalent,6.3
E07000214,South East,Surrey Heath,14.6,0.6,0.1,0.0,0.1,0.2,0.1,0.3,0.0,0.0,0.0,0,0.0,0.2,0.4,1.1,"Sub-national estimates of non-gas, non-electricity and non-road transport fuel consumption",thousand tonnes of oil equivalent,17.8
E07000113,South East,Swale,11.2,2.8,0.1,0.0,0.1,2.0,1.1,0.6,0.0,0.0,0.0,0,0.6,0.4,2.9,2.3,"Sub-national estimates of non-gas, non-electricity and non-road transport fuel consumption",thousand tonnes of oil equivalent,24.1
E07000215,South East,Tandridge,3.0,2.6,1.0,0.0,0.0,2.0,0.0,0.5,0.0,0.0,0.0,0,0.0,0.3,0.5,1.4,"Sub-national estimates of non-gas, non-electricity and non-road transport fuel consumption",thousand tonnes of oil equivalent,11.5
E07000093,South East,Test Valley,9.0,12.9,1.5,0.0,0.1,5.3,1.7,0.5,0.0,0.1,0.0,0,0.4,0.3,6.1,1.6,"Sub-national estimates of non-gas, non-electricity and non-road transport fuel consumption",thousand tonnes of oil equivalent,39.5
E07000114,South East,Thanet,4.6,0.6,0.1,0.0,0.1,0.4,0.4,0.5,0.0,0.0,0.0,0,0.1,0.4,1.3,2.0,"Sub-national estimates of non-gas, non-electricity and non-road transport fuel consumption",thousand tonnes of oil equivalent,10.5
E07000115,South East,Tonbridge and Malling,6.3,3.2,0.2,0.0,0.1,1.5,1.6,0.5,0.0,0.0,0.0,0,0.1,0.3,3.4,1.8,"Sub-national estimates of non-gas, non-electricity and non-road transport fuel consumption",thousand tonnes of oil equivalent,19.2
E07000116,South East,Tunbridge Wells,4.1,7.3,0.2,0.0,0.1,2.6,0.1,0.4,0.0,0.0,0.0,0,0.0,0.3,0.4,1.4,"Sub-national estimates of non-gas, non-electricity and non-road transport fuel consumption",thousand tonnes of oil equivalent,17.1
E07000180,South East,Vale of White Horse,10.5,7.0,3.2,0.0,0.1,4.3,0.7,0.5,0.0,0.0,0.0,0,0.0,0.4,2.7,1.8,"Sub-national estimates of non-gas, non-electricity and non-road transport fuel consumption",thousand tonnes of oil equivalent,31.2
E07000216,South East,Waverley,3.4,4.1,0.0,0.0,0.1,1.8,0.5,0.5,0.0,0.0,0.0,0,0.0,0.3,1.8,1.6,"Sub-national estimates of non-gas, non-electricity and non-road transport fuel consumption",thousand tonnes of oil equivalent,14.2
E07000065,South East,Wealden,7.8,16.0,1.6,0.0,0.1,7.3,1.9,0.8,0.1,0.1,0.0,0,0.1,0.5,6.2,2.5,"Sub-national estimates of non-gas, non-electricity and non-road transport fuel consumption",thousand tonnes of oil equivalent,45.0
E06000037,South East,West Berkshire,14.0,16.3,4.6,1.3,0.2,5.1,2.7,0.9,0.0,0.1,0.1,0,0.0,0.6,8.8,2.9,"Sub-national estimates of non-gas, non-electricity and non-road transport fuel consumption",thousand tonnes of oil equivalent,57.5
E07000181,South East,West Oxfordshire,8.9,10.5,1.2,0.9,0.1,4.8,5.3,0.5,0.0,0.1,0.1,0,0.0,0.3,21.5,1.6,"Sub-national estimates of non-gas, non-electricity and non-road transport fuel consumption",thousand tonnes of oil equivalent,55.9
E07000094,South East,Winchester,8.8,9.2,1.8,0.0,0.1,5.3,0.5,0.5,0.1,0.1,0.0,0,0.0,0.3,1.8,1.5,"Sub-national estimates of non-gas, non-electricity and non-road transport fuel consumption",thousand tonnes of oil equivalent,30.2
E06000040,South East,Windsor and Maidenhead,6.1,3.1,1.4,0.0,0.2,1.1,0.0,0.5,0.0,0.0,0.0,0,0.0,0.4,0.3,1.9,"Sub-national estimates of non-gas, non-electricity and non-road transport fuel consumption",thousand tonnes of oil equivalent,15.0
E07000217,South East,Woking,16.8,0.7,0.5,0.0,0.2,0.2,0.0,0.3,0.0,0.0,0.0,0,0.0,0.2,0.1,1.2,"Sub-national estimates of non-gas, non-electricity and non-road transport fuel consumption",thousand tonnes of oil equivalent,20.2
E06000041,South East,Wokingham,5.3,2.0,2.1,0.0,0.1,1.0,0.1,0.6,0.0,0.0,0.0,0,0.0,0.4,0.5,2.3,"Sub-national estimates of non-gas, non-electricity and non-road transport fuel consumption",thousand tonnes of oil equivalent,14.6
E07000229,South East,Worthing,3.3,0.3,0.0,0.0,0.0,0.2,0.0,0.3,0.0,0.0,0.0,0,0.0,0.2,0.1,1.3,"Sub-national estimates of non-gas, non-electricity and non-road transport fuel consumption",thousand tonnes of oil equivalent,5.9
E12000008,South East,South East total,1301.4,278.1,68.3,9.6,7.4,129.0,50.0,35.6,1.6,2.3,1.3,0,197.7,24.1,210.6,126.9,"Sub-national estimates of non-gas, non-electricity and non-road transport fuel consumption",thousand tonnes of oil equivalent,2443.9
E06000022,South West,Bath and North East Somerset,8.0,4.3,2.4,0.1,0.2,4.4,0.4,0.4,0.0,0.0,0.0,0,0.0,0.5,3.3,4.1,"Sub-national estimates of non-gas, non-electricity and non-road transport fuel consumption",thousand tonnes of oil equivalent,28.2
E06000058,South West,"Bournemouth, Christchurch and Poole",21.1,1.3,0.2,0.1,0.2,0.5,1.9,0.3,0.0,0.1,0.0,0,0.2,0.5,11.4,4.5,"Sub-national estimates of non-gas, non-electricity and non-road transport fuel consumption",thousand tonnes of oil equivalent,42.4
E06000023,South West,"Bristol, City of",18.3,1.3,2.5,0.3,0.4,0.4,0.0,0.1,0.0,0.0,0.0,0,0.4,0.3,3.6,2.5,"Sub-national estimates of non-gas, non-electricity and non-road transport fuel consumption",thousand tonnes of oil equivalent,30.0
E07000078,South West,Cheltenham,5.6,0.3,0.6,0.2,0.1,0.3,0.0,0.1,0.1,0.0,0.0,0,0.0,0.1,0.4,1.3,"Sub-national estimates of non-gas, non-electricity and non-road transport fuel consumption",thousand tonnes of oil equivalent,9.1
E06000052,South West,Cornwall,58.3,57.6,4.8,0.2,0.7,39.2,12.7,2.3,0.3,0.3,0.2,0,0.6,2.7,49.4,21.2,"Sub-national estimates of non-gas, non-electricity and non-road transport fuel consumption",thousand tonnes of oil equivalent,250.4
E07000079,South West,Cotswold,12.0,10.5,0.9,0.0,0.1,9.2,2.0,0.4,0.0,0.0,0.0,0,0.0,0.4,5.3,3.1,"Sub-national estimates of non-gas, non-electricity and non-road transport fuel consumption",thousand tonnes of oil equivalent,44.1
E06000059,South West,Dorset,26.5,23.8,1.0,0.0,0.3,24.4,4.0,1.1,0.1,0.2,0.1,0,0.6,1.3,7.9,10.2,"Sub-national estimates of non-gas, non-electricity and non-road transport fuel consumption",thousand tonnes of oil equivalent,101.4
E07000040,South West,East Devon,7.0,9.4,1.2,0.0,0.2,9.0,0.6,0.6,0.0,0.1,0.0,0,0.0,0.7,1.3,5.6,"Sub-national estimates of non-gas, non-electricity and non-road transport fuel consumption",thousand tonnes of oil equivalent,35.7
E07000041,South West,Exeter,5.9,0.4,1.0,0.5,0.2,0.3,0.0,0.1,0.0,0.0,0.0,0,0.1,0.1,0.3,1.3,"Sub-national estimates of non-gas, non-electricity and non-road transport fuel consumption",thousand tonnes of oil equivalent,10.2
E07000080,South West,Forest of Dean,7.2,10.4,1.6,0.0,0.1,4.5,3.1,0.4,0.0,0.1,0.0,0,0.6,0.4,12.2,2.9,"Sub-national estimates of non-gas, non-electricity and non-road transport fuel consumption",thousand tonnes of oil equivalent,43.3
E07000081,South West,Gloucester,6.4,0.4,1.1,0.1,0.1,0.2,0.0,0.1,0.0,0.0,0.0,0,0.5,0.2,0.5,1.9,"Sub-national estimates of non-gas, non-electricity and non-road transport fuel consumption",thousand tonnes of oil equivalent,11.6
E06000053,South West,Isles of Scilly,0.2,0.2,0.0,0.0,0.0,0.0,0.0,0.0,0.0,0.0,0.0,0,0.0,0.0,0.0,0.2,"Sub-national estimates of non-gas, non-electricity and non-road transport fuel consumption",thousand tonnes of oil equivalent,0.6
E07000187,South West,Mendip,21.3,8.0,1.6,0.0,0.1,9.6,2.1,0.3,0.0,0.1,0.0,0,0.0,0.4,9.1,3.0,"Sub-national estimates of non-gas, non-electricity and non-road transport fuel consumption",thousand tonnes of oil equivalent,55.7
E07000042,South West,Mid Devon,9.1,8.6,1.8,0.0,0.1,11.7,1.0,0.4,0.2,0.0,0.0,0,0.2,0.5,2.1,3.5,"Sub-national estimates of non-gas, non-electricity and non-road transport fuel consumption",thousand tonnes of oil equivalent,39.3
E07000043,South West,North Devon,9.7,7.0,0.2,0.0,0.1,15.8,2.2,0.3,0.0,0.1,0.0,0,0.8,0.4,16.9,3.1,"Sub-national estimates of non-gas, non-electricity and non-road transport fuel consumption",thousand tonnes of oil equivalent,56.6
E06000024,South West,North Somerset,14.0,5.2,2.3,0.0,0.2,4.8,1.7,0.3,0.0,0.2,0.0,0,0.0,0.4,5.4,3.4,"Sub-national estimates of non-gas, non-electricity and non-road transport fuel consumption",thousand tonnes of oil equivalent,37.9
E06000026,South West,Plymouth,20.3,0.6,0.9,3.5,0.1,0.2,0.6,0.3,0.0,0.1,0.0,0,0.6,0.5,4.8,4.1,"Sub-national estimates of non-gas, non-electricity and non-road transport fuel consumption",thousand tonnes of oil equivalent,36.7
E07000188,South West,Sedgemoor,10.6,9.7,1.7,0.0,0.1,7.2,9.9,0.3,0.0,0.0,0.0,0,0.0,0.4,40.4,3.3,"Sub-national estimates of non-gas, non-electricity and non-road transport fuel consumption",thousand tonnes of oil equivalent,83.8
E07000246,South West,Somerset West and Taunton,6.0,10.5,2.0,0.0,0.1,12.9,2.3,0.3,0.7,0.1,0.0,0,0.0,0.4,1.7,3.3,"Sub-national estimates of non-gas, non-electricity and non-road transport fuel consumption",thousand tonnes of oil equivalent,40.4
E06000025,South West,South Gloucestershire,49.6,7.5,3.4,0.0,0.2,5.2,2.6,0.4,0.0,0.2,0.0,0,0.0,0.5,1.2,4.1,"Sub-national estimates of non-gas, non-electricity and non-road transport fuel consumption",thousand tonnes of oil equivalent,74.8
E07000044,South West,South Hams,7.3,8.4,2.0,0.0,0.1,9.3,1.0,0.4,0.2,0.0,0.0,0,0.0,0.4,1.5,3.5,"Sub-national estimates of non-gas, non-electricity and non-road transport fuel consumption",thousand tonnes of oil equivalent,34.2
E07000189,South West,South Somerset,20.7,15.5,2.2,1.5,0.1,10.9,3.1,0.5,0.0,0.1,0.0,0,0.5,0.6,12.3,4.9,"Sub-national estimates of non-gas, non-electricity and non-road transport fuel consumption",thousand tonnes of oil equivalent,73.1
E07000082,South West,Stroud,10.7,5.3,2.1,0.0,0.1,5.0,0.8,0.2,0.0,0.0,0.0,0,0.2,0.2,2.4,2.1,"Sub-national estimates of non-gas, non-electricity and non-road transport fuel consumption",thousand tonnes of oil equivalent,29.3
E06000030,South West,Swindon,13.5,1.3,0.5,0.0,0.1,1.8,0.7,0.3,0.0,0.1,0.1,0,0.1,0.4,4.1,3.7,"Sub-national estimates of non-gas, non-electricity and non-road transport fuel consumption",thousand tonnes of oil equivalent,26.9
E07000045,South West,Teignbridge,17.9,6.0,2.8,0.0,0.2,6.3,3.0,0.3,0.0,0.0,0.0,0,0.1,0.4,13.0,3.4,"Sub-national estimates of non-gas, non-electricity and non-road transport fuel consumption",thousand tonnes of oil equivalent,53.6
E07000083,South West,Tewkesbury,10.0,3.3,1.6,0.0,0.1,4.1,4.2,0.2,0.2,0.0,0.0,0,0.0,0.2,17.4,1.7,"Sub-national estimates of non-gas, non-electricity and non-road transport fuel consumption",thousand tonnes of oil equivalent,42.9
E06000027,South West,Torbay,2.8,0.4,0.2,0.0,0.1,0.3,0.9,0.2,0.2,0.0,0.0,0,0.0,0.2,4.2,2.0,"Sub-national estimates of non-gas, non-electricity and non-road transport fuel consumption",thousand tonnes of oil equivalent,11.5
E07000046,South West,Torridge,4.7,9.2,0.0,0.0,0.1,13.1,2.9,0.2,0.0,0.0,0.0,0,0.2,0.3,11.5,2.2,"Sub-national estimates of non-gas, non-electricity and non-road transport fuel consumption",thousand tonnes of oil equivalent,44.4
E07000047,South West,West Devon,3.4,7.3,0.0,0.0,0.1,11.9,0.7,0.2,0.4,0.0,0.0,0,0.0,0.2,3.1,1.8,"Sub-national estimates of non-gas, non-electricity and non-road transport fuel consumption",thousand tonnes of oil equivalent,29.1
E06000054,South West,Wiltshire,28.2,39.8,10.3,0.0,0.4,31.6,11.4,1.4,0.0,0.4,0.1,0,0.1,1.6,37.9,12.6,"Sub-national estimates of non-gas, non-electricity and non-road transport fuel consumption",thousand tonnes of oil equivalent,175.8
E12000009,South West,South West total,436.7,273.5,52.9,6.5,4.8,254.1,75.8,12.5,2.5,2.2,1.2,0,6.0,15.4,284.6,124.3,"Sub-national estimates of non-gas, non-electricity and non-road transport fuel consumption",thousand tonnes of oil equivalent,1553.0
N09000001,Northern Ireland,Antrim and Newtownabbey,159.9,48.0,0.8,0.2,1.5,9.0,10.8,5.6,0.0,0.2,0.1,0,0.1,2.4,43.0,4.1,"Sub-national estimates of non-gas, non-electricity and non-road transport fuel consumption",thousand tonnes of oil equivalent,285.7
N09000011,Northern Ireland,Ards and North Down,14.8,50.6,0.7,0.0,0.4,6.2,1.6,7.4,0.0,0.2,0.0,0,0.0,3.2,5.1,5.9,"Sub-national estimates of non-gas, non-electricity and non-road transport fuel consumption",thousand tonnes of oil equivalent,96.1
N09000002,Northern Ireland,"Armagh City, Banbridge and Craigavon",362.6,82.6,1.0,2.8,3.5,24.9,8.5,11.5,0.0,0.3,0.1,0,0.1,4.9,23.5,7.2,"Sub-national estimates of non-gas, non-electricity and non-road transport fuel consumption",thousand tonnes of oil equivalent,533.5
N09000003,Northern Ireland,Belfast,64.8,73.4,1.3,0.4,2.3,3.3,0.0,3.1,0.0,0.1,0.0,0,0.0,1.3,4.2,2.0,"Sub-national estimates of non-gas, non-electricity and non-road transport fuel consumption",thousand tonnes of oil equivalent,156.3
N09000004,Northern Ireland,Causeway Coast and Glens,40.2,59.8,1.3,0.3,1.6,21.8,3.1,9.0,0.0,0.3,0.1,0,0.2,3.8,10.9,5.9,"Sub-national estimates of non-gas, non-electricity and non-road transport fuel consumption",thousand tonnes of oil equivalent,158.4
N09000005,Northern Ireland,Derry City and Strabane,50.2,55.7,0.2,0.0,2.3,15.0,39.6,6.8,0.0,0.5,0.1,0,0.9,3.0,35.3,5.0,"Sub-national estimates of non-gas, non-electricity and non-road transport fuel consumption",thousand tonnes of oil equivalent,214.8
N09000006,Northern Ireland,Fermanagh and Omagh,26.7,49.7,0.0,0.0,0.1,36.5,1.7,7.5,0.0,0.4,0.1,0,0.2,3.2,49.9,4.6,"Sub-national estimates of non-gas, non-electricity and non-road transport fuel consumption",thousand tonnes of oil equivalent,180.6
N09000007,Northern Ireland,Lisburn and Castlereagh,26.0,42.2,0.9,0.0,0.6,4.7,9.9,5.2,0.0,0.1,0.0,0,0.1,2.3,38.9,3.8,"Sub-national estimates of non-gas, non-electricity and non-road transport fuel consumption",thousand tonnes of oil equivalent,134.6
N09000008,Northern Ireland,Mid and East Antrim,99.5,51.5,1.0,0.0,1.5,14.2,3.7,6.2,0.0,0.1,0.1,0,0.0,2.7,13.3,4.5,"Sub-national estimates of non-gas, non-electricity and non-road transport fuel consumption",thousand tonnes of oil equivalent,198.2
N09000009,Northern Ireland,Mid Ulster,57.8,57.0,0.0,0.0,0.2,28.3,30.9,6.7,0.0,0.3,0.1,0,1.3,2.9,59.4,4.3,"Sub-national estimates of non-gas, non-electricity and non-road transport fuel consumption",thousand tonnes of oil equivalent,249.2
N09000010,Northern Ireland,"Newry, Mourne and Down",73.7,70.1,0.3,0.0,1.8,22.2,4.5,8.9,0.0,0.2,0.1,0,0.3,3.8,7.0,5.6,"Sub-national estimates of non-gas, non-electricity and non-road transport fuel consumption",thousand tonnes of oil equivalent,198.6
N92000002,Northern Ireland,Northern Ireland total,976.2,640.6,7.4,3.8,15.8,186.2,114.3,77.9,0.0,2.6,1.0,0,3.4,33.4,290.4,53.0,"Sub-national estimates of non-gas, non-electricity and non-road transport fuel consumption",thousand tonnes of oil equivalent,2406.0
K03000001,Great Britain,Great Britain total,7925.7,1895.9,508.9,33.1,48.0,1445.2,828.2,284.8,10.0,13.1,7.0,0,1766.0,180.6,2677.6,870.2,"Sub-national estimates of non-gas, non-electricity and non-road transport fuel consumption",thousand tonnes of oil equivalent,18494.5
W92000004,Wales,Wales,728.6,248.7,25.8,0.1,2.0,198.8,124.9,41.2,1.8,1.7,0.6,0,586.3,22.0,276.0,77.9,"Sub-national estimates of non-gas, non-electricity and non-road transport fuel consumption",thousand tonnes of oil equivalent,2336.3
S92000003,Scotland,Scotland,1575.2,274.0,42.8,9.6,3.5,293.7,57.9,9.0,0.3,1.7,0.7,0,6.0,8.7,371.8,61.8,"Sub-national estimates of non-gas, non-electricity and non-road transport fuel consumption",thousand tonnes of oil equivalent,2716.9
E92000001,England,England,5621.9,1373.2,440.3,23.4,42.5,952.6,645.4,234.6,8.0,9.7,5.8,0,1173.8,150.0,2029.8,730.4,"Sub-national estimates of non-gas, non-electricity and non-road transport fuel consumption",thousand tonnes of oil equivalent,13441.3
N92000002,Northern Ireland,Northern Ireland,976.2,640.6,7.4,3.8,15.8,186.2,114.3,77.9,0.0,2.6,1.0,0,3.4,33.4,290.4,53.0,"Sub-national estimates of non-gas, non-electricity and non-road transport fuel consumption",thousand tonnes of oil equivalent,2406.0
K02000001,United Kingdom,United Kingdom total,8901.8,2536.6,516.3,36.9,63.8,1631.4,942.5,362.7,10.0,15.7,8.0,0,1769.5,214.0,2968.0,923.2,"Sub-national estimates of non-gas, non-electricity and non-road transport fuel consumption",thousand tonnes of oil equivalent,20900.5
